,ORDERNUMBER,QUANTITYORDERED,PRICE,SALES,PRODUCTLINE,MSRP,PRODUCTCODE,COUNTRY,DEALSIZE,PROFIT
0,10107,30.0,95.7,2871.0,Motorcycles,80.0,S10_1678,USA,Small,83730.0
1,10121,34.0,81.35,2765.9,Motorcycles,80.0,S10_1678,France,Small,91320.6
2,10134,41.0,94.74,3884.34,Motorcycles,80.0,S10_1678,France,Medium,155977.94
3,10145,45.0,83.26,3746.7,Motorcycles,80.0,S10_1678,USA,Medium,165001.5
4,10159,49.0,100.0,5205.27,Motorcycles,80.0,S10_1678,USA,Medium,251138.23
5,10168,36.0,96.66,3479.76,Motorcycles,80.0,S10_1678,USA,Medium,122391.36000000002
6,10180,29.0,86.13,2497.77,Motorcycles,80.0,S10_1678,France,Small,70115.33
7,10188,48.0,100.0,5512.32,Motorcycles,80.0,S10_1678,Norway,Medium,260751.36
8,10201,22.0,98.57,2168.54,Motorcycles,80.0,S10_1678,USA,Small,45947.88
9,10211,41.0,100.0,4708.44,Motorcycles,80.0,S10_1678,France,Medium,189766.03999999998
10,10223,37.0,100.0,3965.66,Motorcycles,80.0,S10_1678,Australia,Medium,143769.41999999998
11,10237,23.0,100.0,2333.12,Motorcycles,80.0,S10_1678,USA,Small,51821.759999999995
12,10251,28.0,100.0,3188.64,Motorcycles,80.0,S10_1678,USA,Medium,87041.92
13,10263,34.0,100.0,3676.76,Motorcycles,80.0,S10_1678,USA,Medium,122289.84000000001
14,10275,45.0,92.83,4177.35,Motorcycles,80.0,S10_1678,France,Medium,184380.75000000003
15,10285,36.0,100.0,4099.68,Motorcycles,80.0,S10_1678,USA,Medium,144708.48
16,10299,23.0,100.0,2597.39,Motorcycles,80.0,S10_1678,Finland,Small,57899.969999999994
17,10309,41.0,100.0,4394.38,Motorcycles,80.0,S10_1678,Norway,Medium,176889.58000000002
18,10318,46.0,94.74,4358.04,Motorcycles,80.0,S10_1678,USA,Medium,196789.84
19,10329,42.0,100.0,4396.14,Motorcycles,80.0,S10_1678,USA,Medium,181277.88
20,10341,41.0,100.0,7737.93,Motorcycles,80.0,S10_1678,Austria,Large,313975.13
21,10361,20.0,72.55,1451.0,Motorcycles,80.0,S10_1678,Australia,Small,27420.0
22,10375,21.0,34.91,733.11,Motorcycles,80.0,S10_1678,France,Small,13715.31
23,10388,42.0,76.36,3207.12,Motorcycles,80.0,S10_1678,USA,Medium,131339.04
24,10403,24.0,100.0,2434.56,Motorcycles,80.0,S10_1678,UK,Small,56509.44
25,10417,66.0,100.0,7516.08,Motorcycles,80.0,S10_1678,Spain,Large,490781.27999999997
26,10103,26.0,100.0,5404.62,Classic Cars,80.0,S10_1949,Norway,Medium,138440.12
27,10112,29.0,100.0,7209.11,Classic Cars,80.0,S10_1949,Sweden,Large,206744.19
28,10126,38.0,100.0,7329.06,Classic Cars,80.0,S10_1949,Spain,Large,275464.28
29,10140,37.0,100.0,7374.1,Classic Cars,80.0,S10_1949,USA,Large,269881.7
30,10150,45.0,100.0,10993.5,Classic Cars,80.0,S10_1949,Singapore,Large,491107.5
31,10163,21.0,100.0,4860.24,Classic Cars,80.0,S10_1949,USA,Medium,100385.04
32,10174,34.0,100.0,8014.82,Classic Cars,80.0,S10_1949,Australia,Large,269783.88
33,10183,23.0,100.0,5372.57,Classic Cars,80.0,S10_1949,USA,Medium,121729.10999999999
34,10194,42.0,100.0,7290.36,Classic Cars,80.0,S10_1949,France,Large,302835.12
35,10206,47.0,100.0,9064.89,Classic Cars,80.0,S10_1949,Canada,Large,422289.82999999996
36,10215,35.0,100.0,6075.3,Classic Cars,80.0,S10_1949,USA,Medium,209835.5
37,10228,29.0,100.0,6463.23,Classic Cars,80.0,S10_1949,USA,Medium,185113.66999999998
38,10245,34.0,100.0,6120.34,Classic Cars,80.0,S10_1949,USA,Medium,205371.56
39,10258,32.0,100.0,7680.64,Classic Cars,80.0,S10_1949,Japan,Large,243220.48
40,10270,21.0,100.0,4905.39,Classic Cars,80.0,S10_1949,Australia,Medium,101333.19
41,10280,34.0,100.0,8014.82,Classic Cars,80.0,S10_1949,Italy,Large,269783.88
42,10291,37.0,100.0,7136.19,Classic Cars,80.0,S10_1949,Sweden,Large,261079.03
43,10304,47.0,100.0,10172.7,Classic Cars,80.0,S10_1949,France,Large,474356.9
44,10312,48.0,100.0,11623.7,Classic Cars,80.0,S10_1949,USA,Large,554097.6000000001
45,10322,40.0,100.0,6000.4,Classic Cars,80.0,S10_1949,USA,Medium,236816.0
46,10333,26.0,100.0,3003.0,Classic Cars,80.0,S10_1949,USA,Medium,75998.0
47,10347,30.0,100.0,3944.7,Classic Cars,80.0,S10_1949,Australia,Medium,115941.0
48,10357,32.0,100.0,5691.84,Classic Cars,80.0,S10_1949,USA,Medium,179578.88
49,10369,41.0,100.0,4514.92,Classic Cars,80.0,S10_1949,USA,Medium,181831.72
50,10381,36.0,100.0,8254.8,Classic Cars,80.0,S10_1949,USA,Large,294292.8
51,10391,24.0,100.0,2416.56,Classic Cars,80.0,S10_1949,Australia,Small,56077.44
52,10411,23.0,100.0,4140.23,Classic Cars,80.0,S10_1949,Canada,Medium,93385.29
53,10424,50.0,100.0,12001.0,Classic Cars,80.0,S10_1949,Spain,Large,596050.0
54,10107,39.0,99.91,3896.49,Motorcycles,80.0,S10_2016,USA,Medium,148843.11
55,10120,29.0,96.34,2793.86,Motorcycles,80.0,S10_2016,Australia,Small,78701.94
56,10134,27.0,100.0,3307.77,Motorcycles,80.0,S10_2016,France,Medium,87149.79
57,10145,37.0,100.0,5192.95,Motorcycles,80.0,S10_2016,USA,Medium,189179.15
58,10159,37.0,100.0,5016.83,Motorcycles,80.0,S10_2016,USA,Medium,182662.71
59,10168,27.0,100.0,3660.93,Motorcycles,80.0,S10_2016,USA,Medium,96685.11
60,10180,42.0,100.0,4695.6,Motorcycles,80.0,S10_2016,France,Medium,193855.2
61,10188,38.0,96.34,3660.92,Motorcycles,80.0,S10_2016,Norway,Medium,136074.96
62,10201,24.0,100.0,3025.92,Motorcycles,80.0,S10_2016,USA,Medium,70702.08
63,10210,23.0,100.0,3009.09,Motorcycles,80.0,S10_2016,Japan,Medium,67369.07
64,10223,47.0,100.0,5422.39,Motorcycles,80.0,S10_2016,Australia,Medium,251092.33000000002
65,10236,22.0,100.0,2852.08,Motorcycles,80.0,S10_2016,USA,Small,60985.759999999995
66,10251,44.0,100.0,5756.52,Motorcycles,80.0,S10_2016,USA,Medium,249766.88
67,10263,40.0,100.0,4472.0,Motorcycles,80.0,S10_2016,USA,Medium,175680.0
68,10275,22.0,100.0,2904.44,Motorcycles,80.0,S10_2016,France,Small,62137.68
69,10285,47.0,100.0,6484.59,Motorcycles,80.0,S10_2016,USA,Medium,301015.73
70,10298,39.0,96.34,3757.26,Motorcycles,80.0,S10_2016,France,Medium,143413.14
71,10308,34.0,100.0,4043.96,Motorcycles,80.0,S10_2016,USA,Medium,134774.64
72,10318,45.0,100.0,5566.5,Motorcycles,80.0,S10_2016,USA,Medium,246892.5
73,10329,20.0,100.0,3176.0,Motorcycles,80.0,S10_2016,USA,Medium,61920.0
74,10339,40.0,68.92,2756.8,Motorcycles,80.0,S10_2016,Japan,Small,107072.0
75,10361,26.0,51.15,1329.9,Motorcycles,80.0,S10_2016,Australia,Small,32497.4
76,10374,39.0,100.0,5288.01,Motorcycles,80.0,S10_2016,Australia,Medium,203112.39
77,10388,50.0,44.51,2225.5,Motorcycles,80.0,S10_2016,USA,Small,107275.0
78,10402,45.0,100.0,5833.8,Motorcycles,80.0,S10_2016,France,Medium,258921.0
79,10417,45.0,100.0,5887.35,Motorcycles,80.0,S10_2016,Spain,Medium,261330.75000000003
80,10107,27.0,100.0,6065.55,Motorcycles,80.0,S10_4698,USA,Medium,161609.85
81,10120,46.0,100.0,9264.86,Motorcycles,80.0,S10_4698,Australia,Large,422503.56000000006
82,10134,31.0,100.0,7023.98,Motorcycles,80.0,S10_4698,France,Large,215263.37999999998
83,10145,33.0,100.0,5176.38,Motorcycles,80.0,S10_4698,USA,Medium,168180.54
84,10159,22.0,100.0,4132.7,Motorcycles,80.0,S10_4698,USA,Medium,89159.4
85,10168,20.0,100.0,4183.0,Motorcycles,80.0,S10_4698,USA,Medium,82060.0
86,10180,41.0,100.0,8892.9,Motorcycles,80.0,S10_4698,France,Large,361328.89999999997
87,10188,45.0,100.0,8714.7,Motorcycles,80.0,S10_4698,Norway,Large,388561.50000000006
88,10201,49.0,100.0,8065.89,Motorcycles,80.0,S10_4698,USA,Large,391308.61000000004
89,10210,34.0,100.0,6123.4,Motorcycles,80.0,S10_4698,Japan,Medium,205475.59999999998
90,10223,49.0,100.0,9774.03,Motorcycles,80.0,S10_4698,Australia,Large,475007.47000000003
91,10237,39.0,100.0,7023.9,Motorcycles,80.0,S10_4698,USA,Large,270812.1
92,10251,43.0,100.0,7078.23,Motorcycles,80.0,S10_4698,USA,Large,300923.88999999996
93,10263,41.0,100.0,8336.94,Motorcycles,80.0,S10_4698,USA,Large,338534.54000000004
94,10275,36.0,100.0,6901.92,Motorcycles,80.0,S10_4698,France,Medium,245589.12
95,10285,27.0,100.0,5438.07,Motorcycles,80.0,S10_4698,USA,Medium,144667.88999999998
96,10299,29.0,100.0,6683.34,Motorcycles,80.0,S10_4698,Finland,Medium,191496.86000000002
97,10308,20.0,100.0,4570.4,Motorcycles,80.0,S10_4698,USA,Medium,89808.0
98,10318,37.0,100.0,7667.14,Motorcycles,80.0,S10_4698,USA,Large,280724.18
99,10329,26.0,100.0,5868.2,Motorcycles,80.0,S10_4698,USA,Medium,150493.19999999998
100,10339,39.0,76.67,2990.13,Motorcycles,80.0,S10_4698,Japan,Small,113495.07
101,10362,22.0,100.0,3664.1,Motorcycles,80.0,S10_4698,USA,Medium,78850.2
102,10374,22.0,100.0,3834.38,Motorcycles,80.0,S10_4698,Australia,Medium,82596.36
103,10388,21.0,86.77,1822.17,Motorcycles,80.0,S10_4698,USA,Small,36585.57
104,10403,66.0,100.0,11886.6,Motorcycles,80.0,S10_4698,UK,Large,779235.6
105,10417,56.0,100.0,9218.16,Motorcycles,80.0,S10_4698,Spain,Large,511736.95999999996
106,10105,50.0,100.0,7208.0,Classic Cars,80.0,S10_4757,Denmark,Large,356400.0
107,10119,46.0,100.0,5004.8,Classic Cars,80.0,S10_4757,Austria,Medium,226540.80000000002
108,10129,33.0,100.0,4398.24,Classic Cars,80.0,S10_4757,UK,Medium,142501.91999999998
109,10143,49.0,100.0,5597.76,Classic Cars,80.0,S10_4757,USA,Medium,270370.24
110,10155,32.0,100.0,4526.08,Classic Cars,80.0,S10_4757,Finland,Medium,142274.56
111,10167,44.0,100.0,5924.16,Classic Cars,80.0,S10_4757,Sweden,Medium,257143.03999999998
112,10178,24.0,100.0,3492.48,Classic Cars,80.0,S10_4757,France,Medium,81899.52
113,10186,26.0,100.0,3854.24,Classic Cars,80.0,S10_4757,UK,Medium,98130.23999999999
114,10197,45.0,100.0,5324.4,Classic Cars,80.0,S10_4757,Spain,Medium,235997.99999999997
115,10209,39.0,100.0,5197.92,Classic Cars,80.0,S10_4757,USA,Medium,199598.88
116,10222,49.0,100.0,5997.6,Classic Cars,80.0,S10_4757,USA,Medium,289962.4
117,10248,20.0,100.0,2910.4,Classic Cars,80.0,S10_4757,USA,Small,56608.0
118,10261,27.0,100.0,3378.24,Classic Cars,80.0,S10_4757,Canada,Medium,89052.48
119,10273,30.0,100.0,3508.8,Classic Cars,80.0,S10_4757,Belgium,Medium,102864.0
120,10283,25.0,100.0,2992.0,Classic Cars,80.0,S10_4757,Canada,Small,72800.0
121,10295,24.0,100.0,3427.2,Classic Cars,80.0,S10_4757,USA,Medium,80332.79999999999
122,10307,22.0,100.0,2692.8,Classic Cars,80.0,S10_4757,USA,Small,57481.600000000006
123,10316,33.0,100.0,4128.96,Classic Cars,80.0,S10_4757,UK,Medium,133615.68
124,10325,47.0,64.93,3051.71,Classic Cars,80.0,S10_4757,Norway,Medium,139670.37
125,10337,25.0,48.05,1201.25,Classic Cars,80.0,S10_4757,USA,Small,28031.25
126,10350,26.0,75.47,1962.22,Classic Cars,80.0,S10_4757,Spain,Small,48937.72
127,10359,48.0,54.68,2624.64,Classic Cars,80.0,S10_4757,France,Small,122142.72
128,10373,39.0,100.0,4046.25,Classic Cars,80.0,S10_4757,Finland,Medium,154683.75
129,10384,34.0,100.0,4846.7,Classic Cars,80.0,S10_4757,USA,Medium,162067.8
130,10395,32.0,100.0,3370.56,Classic Cars,80.0,S10_4757,France,Medium,105297.92
131,10400,64.0,100.0,9661.44,Classic Cars,80.0,S10_4757,USA,Large,613212.16
132,10414,19.0,100.0,2764.88,Classic Cars,80.0,S10_4757,USA,Small,51012.72
133,10103,42.0,100.0,5398.26,Classic Cars,80.0,S10_4962,Norway,Medium,223366.92
134,10114,31.0,100.0,4305.28,Classic Cars,80.0,S10_4962,France,Medium,130983.68
135,10126,22.0,100.0,3347.74,Classic Cars,80.0,S10_4962,Spain,Medium,71890.28
136,10140,26.0,100.0,3188.12,Classic Cars,80.0,S10_4962,USA,Medium,80811.12
137,10150,20.0,100.0,3191.2,Classic Cars,80.0,S10_4962,Singapore,Medium,62224.0
138,10164,21.0,100.0,3536.82,Classic Cars,80.0,S10_4962,Austria,Medium,72593.22
139,10175,33.0,100.0,5362.83,Classic Cars,80.0,S10_4962,UK,Medium,174333.38999999998
140,10183,28.0,100.0,3433.36,Classic Cars,80.0,S10_4962,USA,Medium,93894.08
141,10194,26.0,100.0,4263.74,Classic Cars,80.0,S10_4962,France,Medium,108777.23999999999
142,10207,31.0,100.0,4076.19,Classic Cars,80.0,S10_4962,USA,Medium,123881.89
143,10217,48.0,100.0,7020.48,Classic Cars,80.0,S10_4962,Singapore,Large,333143.04
144,10229,50.0,100.0,6426.5,Classic Cars,80.0,S10_4962,USA,Medium,317325.0
145,10245,28.0,100.0,4591.72,Classic Cars,80.0,S10_4962,USA,Medium,126328.16
146,10259,26.0,100.0,4033.38,Classic Cars,80.0,S10_4962,Singapore,Medium,102787.88
147,10270,32.0,100.0,4302.08,Classic Cars,80.0,S10_4962,Australia,Medium,135106.56
148,10281,44.0,100.0,7020.64,Classic Cars,80.0,S10_4962,USA,Large,305388.16000000003
149,10291,30.0,100.0,3855.9,Classic Cars,80.0,S10_4962,Sweden,Medium,113277.0
150,10305,38.0,100.0,6680.78,Classic Cars,80.0,S10_4962,USA,Medium,250829.63999999998
151,10313,40.0,100.0,6678.0,Classic Cars,80.0,S10_4962,Canada,Medium,263920.0
152,10322,46.0,61.99,2851.54,Classic Cars,80.0,S10_4962,USA,Small,127490.84
153,10334,26.0,100.0,3188.12,Classic Cars,80.0,S10_4962,Sweden,Medium,80811.12
154,10347,27.0,100.0,4428.0,Classic Cars,80.0,S10_4962,Australia,Medium,117396.0
155,10357,43.0,100.0,5780.92,Classic Cars,80.0,S10_4962,USA,Medium,245139.56
156,10370,35.0,65.63,2297.05,Classic Cars,80.0,S10_4962,Australia,Small,77596.75
157,10381,37.0,100.0,6231.54,Classic Cars,80.0,S10_4962,USA,Medium,227606.98
158,10391,37.0,46.9,1735.3,Classic Cars,80.0,S10_4962,Australia,Small,61246.1
159,10411,27.0,100.0,4427.73,Classic Cars,80.0,S10_4962,Canada,Medium,117388.70999999999
160,10425,38.0,100.0,5894.94,Classic Cars,80.0,S10_4962,France,Medium,220967.71999999997
161,10108,33.0,100.0,5265.15,Classic Cars,80.0,S12_1099,Philippines,Medium,171109.94999999998
162,10122,42.0,100.0,7599.9,Classic Cars,80.0,S12_1099,France,Large,315835.8
163,10135,42.0,100.0,8008.56,Classic Cars,80.0,S12_1099,USA,Large,332999.52
164,10147,48.0,100.0,9245.76,Classic Cars,80.0,S12_1099,USA,Large,439956.48
165,10159,41.0,100.0,8296.35,Classic Cars,80.0,S12_1099,USA,Large,336870.35000000003
166,10169,30.0,100.0,5019.9,Classic Cars,80.0,S12_1099,Australia,Medium,148197.0
167,10181,27.0,100.0,5411.07,Classic Cars,80.0,S12_1099,Norway,Medium,143938.88999999998
168,10191,21.0,100.0,3840.9,Classic Cars,80.0,S12_1099,Germany,Medium,78978.90000000001
169,10203,20.0,100.0,3930.4,Classic Cars,80.0,S12_1099,Spain,Medium,77008.0
170,10211,41.0,100.0,7498.9,Classic Cars,80.0,S12_1099,France,Large,304174.89999999997
171,10225,27.0,100.0,4517.91,Classic Cars,80.0,S12_1099,Switzerland,Medium,119823.56999999999
172,10238,28.0,100.0,5774.72,Classic Cars,80.0,S12_1099,Denmark,Medium,159452.16
173,10253,24.0,100.0,3922.56,Classic Cars,80.0,S12_1099,UK,Medium,92221.44
174,10266,44.0,100.0,9160.36,Classic Cars,80.0,S12_1099,Italy,Large,399535.84
175,10276,50.0,100.0,9631.0,Classic Cars,80.0,S12_1099,USA,Large,477550.0
176,10287,21.0,100.0,3432.24,Classic Cars,80.0,S12_1099,Switzerland,Medium,70397.04
177,10300,33.0,100.0,5521.89,Classic Cars,80.0,S12_1099,Germany,Medium,179582.37000000002
178,10310,33.0,100.0,6934.62,Classic Cars,80.0,S12_1099,Germany,Medium,226202.46
179,10320,31.0,100.0,6876.11,Classic Cars,80.0,S12_1099,Sweden,Medium,210679.41
180,10329,41.0,71.47,2930.27,Classic Cars,80.0,S12_1099,USA,Small,116861.06999999999
181,10341,45.0,79.65,3584.25,Classic Cars,80.0,S12_1099,Austria,Medium,157691.25
182,10363,33.0,85.39,2817.87,Classic Cars,80.0,S12_1099,Finland,Small,90349.70999999999
183,10375,45.0,76.0,3420.0,Classic Cars,80.0,S12_1099,France,Medium,150300.0
184,10389,26.0,99.04,2575.04,Classic Cars,80.0,S12_1099,Sweden,Small,64871.04
185,10419,12.0,100.0,1961.28,Classic Cars,80.0,S12_1099,Austria,Small,22575.36
186,10105,41.0,100.0,8690.36,Classic Cars,80.0,S12_1108,Denmark,Large,353024.76
187,10117,33.0,100.0,6034.38,Classic Cars,80.0,S12_1108,Singapore,Medium,196494.54
188,10127,46.0,100.0,11279.2,Classic Cars,80.0,S12_1108,USA,Large,515163.2
189,10142,33.0,100.0,8023.29,Classic Cars,80.0,S12_1108,USA,Large,262128.57
190,10153,20.0,100.0,4904.0,Classic Cars,80.0,S12_1108,Spain,Medium,96480.0
191,10165,44.0,100.0,8594.52,Classic Cars,80.0,S12_1108,Singapore,Large,374638.88
192,10176,33.0,100.0,7474.5,Classic Cars,80.0,S12_1108,Italy,Large,244018.5
193,10185,21.0,100.0,3883.74,Classic Cars,80.0,S12_1108,USA,Medium,79878.54
194,10196,47.0,100.0,8887.7,Classic Cars,80.0,S12_1108,USA,Large,413961.9
195,10208,46.0,100.0,8602.92,Classic Cars,80.0,S12_1108,France,Large,392054.32
196,10220,32.0,100.0,7181.44,Classic Cars,80.0,S12_1108,Ireland,Large,227246.08
197,10231,42.0,100.0,8378.58,Classic Cars,80.0,S12_1108,Spain,Large,348540.36
198,10247,44.0,100.0,10606.2,Classic Cars,80.0,S12_1108,Finland,Large,463152.80000000005
199,10272,35.0,100.0,5818.4,Classic Cars,80.0,S12_1108,USA,Medium,200844.0
200,10282,41.0,100.0,7071.27,Classic Cars,80.0,S12_1108,USA,Large,286642.07
201,10293,46.0,100.0,8411.56,Classic Cars,80.0,S12_1108,Italy,Large,383251.75999999995
202,10306,31.0,100.0,6570.76,Classic Cars,80.0,S12_1108,UK,Medium,201213.56
203,10314,38.0,100.0,7975.44,Classic Cars,80.0,S12_1108,Denmark,Large,300026.72
204,10325,42.0,64.0,2688.0,Classic Cars,80.0,S12_1108,Norway,Small,109536.0
205,10336,33.0,57.22,1888.26,Classic Cars,80.0,S12_1108,France,Small,59672.58
206,10348,48.0,52.36,2513.28,Classic Cars,80.0,S12_1108,Spain,Small,116797.44
207,10359,42.0,100.0,4764.48,Classic Cars,80.0,S12_1108,France,Medium,196748.15999999997
208,10371,32.0,100.0,3560.64,Classic Cars,80.0,S12_1108,USA,Medium,111380.48
209,10382,34.0,100.0,3823.64,Classic Cars,80.0,S12_1108,USA,Medium,127283.76
210,10395,33.0,69.12,2280.96,Classic Cars,80.0,S12_1108,France,Small,72631.68000000001
211,10413,36.0,100.0,8677.8,Classic Cars,80.0,S12_1108,USA,Large,309520.8
212,10103,27.0,100.0,3394.98,Trucks and Buses,80.0,S12_1666,Norway,Medium,89504.46
213,10113,21.0,100.0,3415.44,Trucks and Buses,80.0,S12_1666,USA,Medium,70044.24
214,10126,21.0,100.0,2439.57,Trucks and Buses,80.0,S12_1666,Spain,Small,49550.97
215,10140,38.0,100.0,4829.8,Trucks and Buses,80.0,S12_1666,USA,Medium,180492.4
216,10150,30.0,100.0,4100.1,Trucks and Buses,80.0,S12_1666,Singapore,Medium,120603.00000000001
217,10164,49.0,100.0,6563.06,Trucks and Buses,80.0,S12_1666,Austria,Medium,317669.94
218,10174,43.0,100.0,6817.22,Trucks and Buses,80.0,S12_1666,Australia,Medium,289700.46
219,10183,41.0,100.0,6163.94,Trucks and Buses,80.0,S12_1666,USA,Medium,249441.53999999998
220,10194,38.0,100.0,4933.92,Trucks and Buses,80.0,S12_1666,France,Medium,184448.96
221,10206,28.0,100.0,4056.36,Trucks and Buses,80.0,S12_1666,Canada,Medium,111338.08
222,10216,43.0,100.0,5759.42,Trucks and Buses,80.0,S12_1666,France,Medium,244215.06
223,10229,25.0,100.0,3451.0,Trucks and Buses,80.0,S12_1666,USA,Medium,84275.0
224,10245,38.0,100.0,5920.4,Trucks and Buses,80.0,S12_1666,USA,Medium,221935.19999999998
225,10258,41.0,100.0,6668.24,Trucks and Buses,80.0,S12_1666,Japan,Medium,270117.83999999997
226,10270,28.0,100.0,4094.72,Trucks and Buses,80.0,S12_1666,Australia,Medium,112412.15999999999
227,10281,25.0,100.0,2938.5,Trucks and Buses,80.0,S12_1666,USA,Small,71462.5
228,10291,41.0,100.0,6387.8,Trucks and Buses,80.0,S12_1666,Sweden,Medium,258619.80000000002
229,10304,39.0,100.0,6396.0,Trucks and Buses,80.0,S12_1666,France,Medium,246324.0
230,10313,21.0,100.0,2669.1,Trucks and Buses,80.0,S12_1666,Canada,Small,54371.1
231,10322,27.0,100.0,4784.13,Trucks and Buses,80.0,S12_1666,USA,Medium,127011.51000000001
232,10333,33.0,99.21,3273.93,Trucks and Buses,80.0,S12_1666,USA,Medium,105399.68999999999
233,10347,29.0,100.0,3586.43,Trucks and Buses,80.0,S12_1666,Australia,Medium,101686.47
234,10357,49.0,100.0,5960.36,Trucks and Buses,80.0,S12_1666,USA,Medium,288137.63999999996
235,10370,49.0,100.0,8470.14,Trucks and Buses,80.0,S12_1666,Australia,Large,411116.86
236,10381,20.0,100.0,2952.0,Trucks and Buses,80.0,S12_1666,USA,Small,57440.0
237,10391,39.0,63.2,2464.8,Trucks and Buses,80.0,S12_1666,Australia,Small,93007.20000000001
238,10411,40.0,100.0,6232.0,Trucks and Buses,80.0,S12_1666,Canada,Medium,246080.0
239,10424,49.0,100.0,7969.36,Trucks and Buses,80.0,S12_1666,Spain,Large,386578.63999999996
240,10107,21.0,100.0,3036.6,Motorcycles,80.0,S12_2823,USA,Medium,62088.6
241,10121,50.0,100.0,8284.0,Motorcycles,80.0,S12_2823,France,Large,410200.0
242,10134,20.0,100.0,2711.2,Motorcycles,80.0,S12_2823,France,Small,52624.0
243,10145,49.0,100.0,8339.8,Motorcycles,80.0,S12_2823,USA,Large,404730.19999999995
244,10159,38.0,100.0,6238.84,Motorcycles,80.0,S12_2823,USA,Medium,234035.92
245,10169,35.0,100.0,4639.25,Motorcycles,80.0,S12_2823,Australia,Medium,159573.75
246,10180,40.0,100.0,6747.6,Motorcycles,80.0,S12_2823,France,Medium,266704.0
247,10189,28.0,100.0,4512.48,Motorcycles,80.0,S12_2823,USA,Medium,124109.43999999999
248,10201,25.0,100.0,4029.0,Motorcycles,80.0,S12_2823,USA,Medium,98725.0
249,10211,36.0,100.0,4771.8,Motorcycles,80.0,S12_2823,France,Medium,168904.80000000002
250,10224,43.0,100.0,6087.94,Motorcycles,80.0,S12_2823,France,Medium,258341.41999999998
251,10237,32.0,100.0,4193.28,Motorcycles,80.0,S12_2823,USA,Medium,131624.96
252,10251,46.0,100.0,7552.28,Motorcycles,80.0,S12_2823,USA,Large,343724.88
253,10263,48.0,100.0,6434.4,Motorcycles,80.0,S12_2823,USA,Medium,305011.19999999995
254,10276,43.0,100.0,5181.5,Motorcycles,80.0,S12_2823,USA,Medium,219364.5
255,10285,49.0,100.0,6863.92,Motorcycles,80.0,S12_2823,USA,Medium,332412.08
256,10299,24.0,100.0,4157.04,Motorcycles,80.0,S12_2823,Finland,Medium,97848.95999999999
257,10309,26.0,100.0,4660.24,Motorcycles,80.0,S12_2823,Norway,Medium,119086.23999999999
258,10319,30.0,100.0,4111.8,Motorcycles,80.0,S12_2823,USA,Medium,120954.0
259,10329,24.0,100.0,3542.64,Motorcycles,80.0,S12_2823,USA,Medium,83103.36
260,10341,55.0,100.0,8118.55,Motorcycles,80.0,S12_2823,Austria,Large,442120.25
261,10362,22.0,100.0,3877.06,Motorcycles,80.0,S12_2823,USA,Medium,83535.31999999999
262,10375,49.0,78.92,3867.08,Motorcycles,80.0,S12_2823,France,Medium,185566.91999999998
263,10388,44.0,100.0,5951.44,Motorcycles,80.0,S12_2823,USA,Medium,258343.36
264,10403,66.0,100.0,8648.64,Motorcycles,80.0,S12_2823,UK,Large,565530.24
265,10417,21.0,100.0,3447.78,Motorcycles,80.0,S12_2823,Spain,Medium,70723.38
266,10104,34.0,100.0,5958.5,Classic Cars,80.0,S12_3148,Spain,Medium,199869.0
267,10117,43.0,100.0,5911.64,Classic Cars,80.0,S12_3148,Singapore,Medium,250760.52000000002
268,10127,46.0,100.0,7366.44,Classic Cars,80.0,S12_3148,USA,Large,335176.24
269,10142,33.0,100.0,4985.64,Classic Cars,80.0,S12_3148,USA,Medium,161886.12000000002
270,10153,42.0,100.0,5393.64,Classic Cars,80.0,S12_3148,Spain,Medium,223172.88
271,10165,34.0,100.0,4880.02,Classic Cars,80.0,S12_3148,Singapore,Medium,163200.68000000002
272,10176,47.0,100.0,8378.69,Classic Cars,80.0,S12_3148,Italy,Large,390038.43000000005
273,10185,33.0,100.0,4038.21,Classic Cars,80.0,S12_3148,USA,Medium,130620.93000000001
274,10196,24.0,100.0,3807.12,Classic Cars,80.0,S12_3148,USA,Medium,89450.88
275,10208,26.0,100.0,3142.36,Classic Cars,80.0,S12_3148,France,Medium,79621.36
276,10220,30.0,100.0,4713.6,Classic Cars,80.0,S12_3148,Ireland,Medium,139008.0
277,10230,43.0,100.0,7016.31,Classic Cars,80.0,S12_3148,Germany,Large,298261.33
278,10247,25.0,100.0,4381.25,Classic Cars,80.0,S12_3148,Finland,Medium,107531.25
279,10272,27.0,100.0,4283.01,Classic Cars,80.0,S12_3148,USA,Medium,113481.27
280,10282,27.0,100.0,4364.82,Classic Cars,80.0,S12_3148,USA,Medium,115690.13999999998
281,10293,24.0,100.0,4242.24,Classic Cars,80.0,S12_3148,Italy,Medium,99893.76
282,10306,34.0,100.0,4982.7,Classic Cars,80.0,S12_3148,UK,Medium,166691.8
283,10314,46.0,100.0,6393.54,Classic Cars,80.0,S12_3148,Denmark,Medium,290422.84
284,10324,27.0,54.33,1466.91,Classic Cars,80.0,S12_3148,USA,Small,37446.57
285,10336,33.0,100.0,4059.33,Classic Cars,80.0,S12_3148,France,Medium,131317.88999999998
286,10348,47.0,100.0,4801.52,Classic Cars,80.0,S12_3148,Spain,Medium,221911.44000000003
287,10358,49.0,55.34,2711.66,Classic Cars,80.0,S12_3148,Spain,Small,128951.34
288,10372,40.0,100.0,5862.0,Classic Cars,80.0,S12_3148,Japan,Medium,231280.0
289,10382,37.0,100.0,4071.85,Classic Cars,80.0,S12_3148,USA,Medium,147698.44999999998
290,10413,47.0,100.0,8236.75,Classic Cars,80.0,S12_3148,USA,Large,383367.25
291,10108,45.0,100.0,6130.35,Classic Cars,80.0,S12_3380,Philippines,Medium,272265.75
292,10122,37.0,99.82,3693.34,Classic Cars,80.0,S12_3380,France,Medium,133693.58000000002
293,10135,48.0,100.0,6031.68,Classic Cars,80.0,S12_3380,USA,Medium,285680.64
294,10147,31.0,100.0,3494.94,Classic Cars,80.0,S12_3380,USA,Medium,105863.14
295,10160,46.0,100.0,5294.14,Classic Cars,80.0,S12_3380,USA,Medium,239850.44
296,10170,47.0,100.0,5464.69,Classic Cars,80.0,S12_3380,Austria,Medium,253080.43
297,10181,28.0,100.0,2860.76,Classic Cars,80.0,S12_3380,Norway,Small,77861.28
298,10191,40.0,100.0,5590.0,Classic Cars,80.0,S12_3380,Germany,Medium,220400.0
299,10203,20.0,100.0,2254.8,Classic Cars,80.0,S12_3380,Spain,Small,43496.0
300,10212,39.0,100.0,4946.76,Classic Cars,80.0,S12_3380,Spain,Medium,189803.64
301,10225,25.0,99.82,2495.5,Classic Cars,80.0,S12_3380,Switzerland,Small,60387.5
302,10238,29.0,100.0,3167.38,Classic Cars,80.0,S12_3380,Denmark,Medium,89534.02
303,10253,22.0,100.0,2402.84,Classic Cars,80.0,S12_3380,UK,Small,51102.48
304,10266,22.0,100.0,2454.54,Classic Cars,80.0,S12_3380,Italy,Small,52239.88
305,10276,47.0,100.0,5464.69,Classic Cars,80.0,S12_3380,USA,Medium,253080.43
306,10287,45.0,100.0,4756.5,Classic Cars,80.0,S12_3380,Switzerland,Medium,210442.5
307,10300,29.0,100.0,3984.6,Classic Cars,80.0,S12_3380,Germany,Medium,113233.4
308,10310,24.0,100.0,3100.32,Classic Cars,80.0,S12_3380,Germany,Medium,72487.68000000001
309,10320,35.0,100.0,4850.3,Classic Cars,80.0,S12_3380,Sweden,Medium,166960.5
310,10329,46.0,83.63,3846.98,Classic Cars,80.0,S12_3380,USA,Medium,173281.08
311,10341,44.0,95.93,4220.92,Classic Cars,80.0,S12_3380,Austria,Medium,182200.48
312,10363,34.0,96.73,3288.82,Classic Cars,80.0,S12_3380,Finland,Medium,109099.88
313,10376,35.0,100.0,3987.2,Classic Cars,80.0,S12_3380,USA,Medium,136752.0
314,10389,25.0,72.38,1809.5,Classic Cars,80.0,S12_3380,Sweden,Small,43237.5
315,10419,10.0,100.0,1092.2,Classic Cars,80.0,S12_3380,Austria,Small,10122.0
316,10105,29.0,100.0,4566.05,Classic Cars,80.0,S12_3891,Denmark,Medium,130095.45000000001
317,10117,39.0,100.0,5938.14,Classic Cars,80.0,S12_3891,Singapore,Medium,228467.46000000002
318,10127,42.0,100.0,8138.76,Classic Cars,80.0,S12_3891,USA,Large,338467.92
319,10142,46.0,100.0,9470.94,Classic Cars,80.0,S12_3891,USA,Large,431983.24000000005
320,10153,49.0,100.0,7036.89,Classic Cars,80.0,S12_3891,Spain,Large,340887.61000000004
321,10165,27.0,100.0,5559.03,Classic Cars,80.0,S12_3891,Singapore,Medium,147933.81
322,10176,50.0,100.0,7872.5,Classic Cars,80.0,S12_3891,Italy,Large,389625.0
323,10185,43.0,100.0,7886.2,Classic Cars,80.0,S12_3891,USA,Large,335666.6
324,10196,38.0,100.0,7232.16,Classic Cars,80.0,S12_3891,USA,Large,271782.08
325,10208,20.0,100.0,3114.4,Classic Cars,80.0,S12_3891,France,Medium,60688.0
326,10220,27.0,100.0,5045.22,Classic Cars,80.0,S12_3891,Ireland,Medium,134060.94
327,10231,49.0,100.0,6952.12,Classic Cars,80.0,S12_3891,Spain,Medium,336733.88
328,10247,27.0,100.0,4157.73,Classic Cars,80.0,S12_3891,Finland,Medium,110098.70999999999
329,10272,39.0,100.0,7962.24,Classic Cars,80.0,S12_3891,USA,Large,307407.36
330,10282,24.0,100.0,3778.8,Classic Cars,80.0,S12_3891,USA,Medium,88771.20000000001
331,10293,45.0,100.0,8253.0,Classic Cars,80.0,S12_3891,Italy,Large,367785.0
332,10306,20.0,100.0,3633.4,Classic Cars,80.0,S12_3891,UK,Medium,71068.0
333,10314,36.0,100.0,6913.8,Classic Cars,80.0,S12_3891,Denmark,Medium,246016.80000000002
334,10325,24.0,100.0,2583.6,Classic Cars,80.0,S12_3891,Norway,Small,60086.399999999994
335,10336,49.0,63.38,3105.62,Classic Cars,80.0,S12_3891,France,Medium,148255.38
336,10349,26.0,100.0,4408.56,Classic Cars,80.0,S12_3891,USA,Medium,112542.56000000001
337,10359,49.0,62.09,3042.41,Classic Cars,80.0,S12_3891,France,Medium,145158.09
338,10372,34.0,100.0,5941.5,Classic Cars,80.0,S12_3891,Japan,Medium,199291.0
339,10382,34.0,95.35,3241.9,Classic Cars,80.0,S12_3891,USA,Medium,107504.6
340,10396,33.0,100.0,6109.29,Classic Cars,80.0,S12_3891,USA,Medium,198966.57
341,10413,22.0,100.0,3387.78,Classic Cars,80.0,S12_3891,USA,Medium,72771.16
342,10108,39.0,89.38,3485.82,Classic Cars,80.0,S12_3990,Philippines,Medium,132826.98
343,10122,32.0,63.84,2042.88,Classic Cars,80.0,S12_3990,France,Small,62812.16
344,10135,24.0,75.01,1800.24,Classic Cars,80.0,S12_3990,USA,Small,41285.76
345,10147,21.0,63.84,1340.64,Classic Cars,80.0,S12_3990,USA,Small,26473.440000000002
346,10159,24.0,73.42,1762.08,Classic Cars,80.0,S12_3990,USA,Small,40369.92
347,10169,36.0,63.84,2298.24,Classic Cars,80.0,S12_3990,Australia,Small,79856.63999999998
348,10181,20.0,81.4,1628.0,Classic Cars,80.0,S12_3990,Norway,Small,30960.0
349,10191,30.0,64.64,1939.2,Classic Cars,80.0,S12_3990,Germany,Small,55776.0
350,10203,44.0,82.99,3651.56,Classic Cars,80.0,S12_3990,Spain,Medium,157148.63999999998
351,10211,28.0,92.57,2591.96,Classic Cars,80.0,S12_3990,France,Small,70334.88
352,10225,37.0,77.41,2864.17,Classic Cars,80.0,S12_3990,Switzerland,Small,103014.29000000001
353,10238,20.0,74.21,1484.2,Classic Cars,80.0,S12_3990,Denmark,Small,28084.0
354,10253,25.0,90.17,2254.25,Classic Cars,80.0,S12_3990,UK,Small,54356.25
355,10266,35.0,76.61,2681.35,Classic Cars,80.0,S12_3990,Italy,Small,91047.25
356,10276,38.0,83.79,3184.02,Classic Cars,80.0,S12_3990,USA,Medium,117952.76
357,10287,41.0,69.43,2846.63,Classic Cars,80.0,S12_3990,Switzerland,Small,113431.83
358,10300,22.0,76.61,1685.42,Classic Cars,80.0,S12_3990,Germany,Small,35319.240000000005
359,10310,49.0,81.4,3988.6,Classic Cars,80.0,S12_3990,Germany,Medium,191521.4
360,10320,38.0,73.42,2789.96,Classic Cars,80.0,S12_3990,Sweden,Small,102978.48
361,10329,33.0,100.0,3607.56,Classic Cars,80.0,S12_3990,USA,Medium,116409.48
362,10341,36.0,93.56,3368.16,Classic Cars,80.0,S12_3990,Austria,Medium,118373.76
363,10363,34.0,81.62,2775.08,Classic Cars,80.0,S12_3990,Finland,Small,91632.72
364,10377,24.0,67.83,1627.92,Classic Cars,80.0,S12_3990,Finland,Small,37150.08
365,10389,36.0,70.26,2529.36,Classic Cars,80.0,S12_3990,Sweden,Small,88176.96
366,10419,34.0,90.17,3065.78,Classic Cars,80.0,S12_3990,Austria,Medium,101516.52
367,10104,41.0,100.0,4615.78,Trucks and Buses,80.0,S12_4473,Spain,Medium,185966.97999999998
368,10115,46.0,100.0,5723.78,Trucks and Buses,80.0,S12_4473,USA,Medium,259613.87999999998
369,10127,24.0,100.0,2559.6,Trucks and Buses,80.0,S12_4473,USA,Small,59510.399999999994
370,10141,21.0,100.0,2140.11,Trucks and Buses,80.0,S12_4473,Finland,Small,43262.310000000005
371,10151,24.0,100.0,3327.6,Trucks and Buses,80.0,S12_4473,Finland,Medium,77942.4
372,10165,48.0,100.0,6825.6,Trucks and Buses,80.0,S12_4473,Singapore,Medium,323788.80000000005
373,10175,26.0,100.0,3543.28,Trucks and Buses,80.0,S12_4473,UK,Medium,90045.28
374,10184,37.0,100.0,4516.22,Trucks and Buses,80.0,S12_4473,Spain,Medium,164140.14
375,10195,49.0,100.0,6445.46,Trucks and Buses,80.0,S12_4473,USA,Medium,311907.54
376,10207,34.0,99.54,3384.36,Trucks and Buses,80.0,S12_4473,USA,Medium,112348.24
377,10219,48.0,100.0,4891.68,Trucks and Buses,80.0,S12_4473,USA,Medium,230960.64
378,10229,36.0,100.0,4521.96,Trucks and Buses,80.0,S12_4473,USA,Medium,159910.56
379,10246,46.0,100.0,5069.66,Trucks and Buses,80.0,S12_4473,Spain,Medium,229524.36
380,10259,46.0,100.0,6541.2,Trucks and Buses,80.0,S12_4473,Singapore,Medium,297215.2
381,10271,31.0,97.17,3012.27,Trucks and Buses,80.0,S12_4473,USA,Medium,90900.37
382,10281,41.0,100.0,5247.18,Trucks and Buses,80.0,S12_4473,USA,Medium,211854.38
383,10292,21.0,100.0,2214.87,Trucks and Buses,80.0,S12_4473,USA,Small,44832.27
384,10305,38.0,100.0,4773.18,Trucks and Buses,80.0,S12_4473,USA,Medium,178340.84000000003
385,10314,45.0,100.0,6185.7,Trucks and Buses,80.0,S12_4473,Denmark,Medium,274756.5
386,10324,26.0,58.38,1517.88,Trucks and Buses,80.0,S12_4473,USA,Small,37384.880000000005
387,10336,38.0,100.0,6372.6,Trucks and Buses,80.0,S12_4473,France,Medium,239118.80000000002
388,10349,48.0,100.0,5232.96,Trucks and Buses,80.0,S12_4473,USA,Medium,247342.08000000002
389,10358,42.0,64.16,2694.72,Trucks and Buses,80.0,S12_4473,Spain,Small,109818.23999999999
390,10371,49.0,35.71,1749.79,Trucks and Buses,80.0,S12_4473,USA,Small,81819.70999999999
391,10382,32.0,66.58,2130.56,Trucks and Buses,80.0,S12_4473,USA,Small,65617.92
392,10412,54.0,100.0,5951.34,Trucks and Buses,80.0,S12_4473,Spain,Medium,317052.36
393,10425,33.0,100.0,4692.6,Trucks and Buses,80.0,S12_4473,France,Medium,152215.80000000002
394,10108,36.0,100.0,3731.04,Classic Cars,80.0,S12_4675,Philippines,Medium,131437.44
395,10122,20.0,100.0,2142.0,Classic Cars,80.0,S12_4675,France,Small,41240.0
396,10135,29.0,97.89,2838.81,Classic Cars,80.0,S12_4675,USA,Small,80005.49
397,10147,33.0,97.89,3230.37,Classic Cars,80.0,S12_4675,USA,Medium,103962.20999999999
398,10160,50.0,100.0,5182.0,Classic Cars,80.0,S12_4675,USA,Medium,255100.0
399,10170,41.0,100.0,4391.1,Classic Cars,80.0,S12_4675,Austria,Medium,176755.1
400,10181,36.0,100.0,4477.32,Classic Cars,80.0,S12_4675,Norway,Medium,158303.52
401,10192,27.0,100.0,3544.56,Classic Cars,80.0,S12_4675,USA,Medium,93543.12
402,10203,47.0,100.0,5195.85,Classic Cars,80.0,S12_4675,Spain,Medium,240444.95
403,10212,33.0,100.0,4180.44,Classic Cars,80.0,S12_4675,Spain,Medium,135314.52
404,10225,21.0,100.0,2684.43,Classic Cars,80.0,S12_4675,Switzerland,Small,54693.03
405,10239,21.0,93.28,1958.88,Classic Cars,80.0,S12_4675,Finland,Small,39456.48
406,10253,41.0,100.0,4910.57,Classic Cars,80.0,S12_4675,UK,Medium,198053.37
407,10266,40.0,100.0,4468.4,Classic Cars,80.0,S12_4675,Italy,Medium,175536.0
408,10277,28.0,100.0,3127.88,Classic Cars,80.0,S12_4675,Singapore,Medium,85340.64
409,10287,23.0,100.0,2675.13,Classic Cars,80.0,S12_4675,Switzerland,Small,59687.990000000005
410,10300,23.0,100.0,2807.61,Classic Cars,80.0,S12_4675,Germany,Small,62735.030000000006
411,10310,25.0,100.0,2504.75,Classic Cars,80.0,S12_4675,Germany,Small,60618.75
412,10321,24.0,100.0,2984.88,Classic Cars,80.0,S12_4675,USA,Small,69717.12
413,10329,39.0,64.74,2524.86,Classic Cars,80.0,S12_4675,USA,Small,95349.54000000001
414,10341,55.0,75.2,4136.0,Classic Cars,80.0,S12_4675,Austria,Medium,223080.0
415,10363,46.0,88.45,4068.7,Classic Cars,80.0,S12_4675,Finland,Medium,183480.19999999998
416,10377,50.0,100.0,5182.0,Classic Cars,80.0,S12_4675,Finland,Medium,255100.0
417,10389,47.0,100.0,5243.79,Classic Cars,80.0,S12_4675,Sweden,Medium,242698.13
418,10405,97.0,93.28,9048.16,Classic Cars,80.0,S12_4675,France,Large,869911.52
419,10419,32.0,100.0,3832.64,Classic Cars,80.0,S12_4675,Austria,Medium,120084.48
420,10103,35.0,100.0,3920.0,Trucks and Buses,80.0,S18_1097,Norway,Medium,134400.0
421,10113,49.0,100.0,4916.66,Trucks and Buses,80.0,S18_1097,USA,Medium,236996.34
422,10126,38.0,100.0,3857.0,Trucks and Buses,80.0,S18_1097,Spain,Medium,143526.0
423,10140,32.0,100.0,4181.44,Trucks and Buses,80.0,S18_1097,USA,Medium,131246.08
424,10150,34.0,100.0,4641.0,Trucks and Buses,80.0,S18_1097,Singapore,Medium,155074.0
425,10164,36.0,99.17,3570.12,Trucks and Buses,80.0,S18_1097,Austria,Medium,125644.31999999999
426,10174,48.0,93.34,4480.32,Trucks and Buses,80.0,S18_1097,Australia,Medium,211215.36
427,10183,21.0,96.84,2033.64,Trucks and Buses,80.0,S18_1097,USA,Small,41026.44
428,10194,21.0,93.34,1960.14,Trucks and Buses,80.0,S18_1097,France,Small,39482.94
429,10206,34.0,100.0,3966.78,Trucks and Buses,80.0,S18_1097,Canada,Medium,132150.52000000002
430,10215,46.0,100.0,5152.0,Trucks and Buses,80.0,S18_1097,USA,Medium,233312.0
431,10228,32.0,100.0,3360.0,Trucks and Buses,80.0,S18_1097,USA,Medium,104960.0
432,10245,29.0,100.0,3451.0,Trucks and Buses,80.0,S18_1097,USA,Medium,97759.0
433,10258,41.0,100.0,5453.0,Trucks and Buses,80.0,S18_1097,Japan,Medium,220293.0
434,10270,43.0,96.84,4164.12,Trucks and Buses,80.0,S18_1097,Australia,Medium,175617.16
435,10280,24.0,100.0,2800.08,Trucks and Buses,80.0,S18_1097,Italy,Small,65281.92
436,10291,41.0,100.0,4687.94,Trucks and Buses,80.0,S18_1097,Sweden,Medium,188925.53999999998
437,10304,46.0,98.0,4508.0,Trucks and Buses,80.0,S18_1097,France,Medium,203688.0
438,10312,32.0,100.0,4181.44,Trucks and Buses,80.0,S18_1097,USA,Medium,131246.08
439,10322,22.0,100.0,2251.04,Trucks and Buses,80.0,S18_1097,USA,Small,47762.88
440,10333,29.0,40.25,1167.25,Trucks and Buses,80.0,S18_1097,USA,Small,31530.25
441,10347,42.0,49.6,2083.2,Trucks and Buses,80.0,S18_1097,Australia,Small,84134.4
442,10357,39.0,98.0,3822.0,Trucks and Buses,80.0,S18_1097,USA,Medium,145938.0
443,10370,27.0,100.0,3911.49,Trucks and Buses,80.0,S18_1097,Australia,Medium,103450.23
444,10381,48.0,98.0,4704.0,Trucks and Buses,80.0,S18_1097,USA,Medium,221952.0
445,10391,29.0,85.1,2467.9,Trucks and Buses,80.0,S18_1097,Australia,Small,69249.1
446,10411,27.0,100.0,3213.0,Trucks and Buses,80.0,S18_1097,Canada,Medium,84591.0
447,10424,54.0,100.0,7182.0,Trucks and Buses,80.0,S18_1097,Spain,Large,383508.0
448,10109,26.0,100.0,4379.18,Classic Cars,80.0,S18_1129,USA,Medium,111778.68000000001
449,10122,34.0,100.0,5004.8,Classic Cars,80.0,S18_1129,France,Medium,167443.2
450,10136,25.0,100.0,3644.75,Classic Cars,80.0,S18_1129,France,Medium,89118.75
451,10148,23.0,100.0,2702.04,Classic Cars,80.0,S18_1129,Australia,Small,60306.92
452,10161,28.0,100.0,3764.88,Classic Cars,80.0,S18_1129,Denmark,Medium,103176.64
453,10171,35.0,100.0,4508.0,Classic Cars,80.0,S18_1129,Canada,Medium,154980.0
454,10181,44.0,100.0,5418.16,Classic Cars,80.0,S18_1129,Norway,Medium,234879.03999999998
455,10192,22.0,100.0,3300.66,Classic Cars,80.0,S18_1129,USA,Medium,70854.51999999999
456,10204,42.0,100.0,6182.4,Classic Cars,80.0,S18_1129,USA,Medium,256300.8
457,10212,29.0,100.0,4186.73,Classic Cars,80.0,S18_1129,Spain,Medium,119095.16999999998
458,10225,32.0,100.0,4529.28,Classic Cars,80.0,S18_1129,Switzerland,Medium,142376.96
459,10240,41.0,100.0,5628.89,Classic Cars,80.0,S18_1129,Japan,Medium,227504.49000000002
460,10253,26.0,100.0,3054.48,Classic Cars,80.0,S18_1129,UK,Medium,77336.48
461,10266,21.0,100.0,2526.51,Classic Cars,80.0,S18_1129,Italy,Small,51376.71000000001
462,10278,34.0,100.0,4667.86,Classic Cars,80.0,S18_1129,USA,Medium,155987.24
463,10287,41.0,100.0,6499.32,Classic Cars,80.0,S18_1129,Switzerland,Medium,263192.12
464,10301,37.0,100.0,5917.78,Classic Cars,80.0,S18_1129,Norway,Medium,215997.86
465,10310,37.0,100.0,6231.91,Classic Cars,80.0,S18_1129,Germany,Medium,227620.66999999998
466,10321,41.0,100.0,5803.14,Classic Cars,80.0,S18_1129,USA,Medium,234648.74000000002
467,10331,46.0,100.0,6434.02,Classic Cars,80.0,S18_1129,USA,Medium,292284.92000000004
468,10342,40.0,100.0,6454.4,Classic Cars,80.0,S18_1129,Australia,Medium,254976.0
469,10356,43.0,97.6,4196.8,Classic Cars,80.0,S18_1129,France,Medium,177022.4
470,10365,30.0,87.06,2611.8,Classic Cars,80.0,S18_1129,USA,Small,75954.0
471,10377,35.0,100.0,5895.05,Classic Cars,80.0,S18_1129,Finland,Medium,203526.75
472,10390,36.0,93.77,3375.72,Classic Cars,80.0,S18_1129,USA,Medium,118645.92
473,10406,61.0,100.0,8374.69,Classic Cars,80.0,S18_1129,Denmark,Large,505976.09
474,10419,38.0,100.0,4464.24,Classic Cars,80.0,S18_1129,Austria,Medium,166601.12
475,10102,39.0,100.0,4808.31,Vintage Cars,80.0,S18_1342,USA,Medium,184404.09000000003
476,10111,33.0,99.66,3288.78,Vintage Cars,80.0,S18_1342,USA,Medium,105889.74
477,10125,32.0,100.0,3254.72,Vintage Cars,80.0,S18_1342,Australia,Medium,101591.04
478,10139,31.0,100.0,3184.94,Vintage Cars,80.0,S18_1342,Australia,Medium,96253.14
479,10149,50.0,100.0,5907.5,Vintage Cars,80.0,S18_1342,USA,Medium,291375.0
480,10162,48.0,91.44,4389.12,Vintage Cars,80.0,S18_1342,USA,Medium,206837.76
481,10173,43.0,100.0,5036.16,Vintage Cars,80.0,S18_1342,Italy,Medium,213114.88
482,10182,25.0,87.33,2183.25,Vintage Cars,80.0,S18_1342,USA,Small,52581.25
483,10193,28.0,100.0,3106.88,Vintage Cars,80.0,S18_1342,Australia,Medium,84752.64
484,10205,36.0,100.0,3735.72,Vintage Cars,80.0,S18_1342,Spain,Medium,131605.91999999998
485,10215,27.0,89.38,2413.26,Vintage Cars,80.0,S18_1342,USA,Small,62998.020000000004
486,10227,25.0,100.0,2953.75,Vintage Cars,80.0,S18_1342,France,Small,71843.75
487,10244,40.0,100.0,4684.8,Vintage Cars,80.0,S18_1342,Spain,Medium,184192.0
488,10256,34.0,95.55,3248.7,Vintage Cars,80.0,S18_1342,Denmark,Medium,107735.79999999999
489,10280,50.0,100.0,5239.5,Vintage Cars,80.0,S18_1342,Italy,Medium,257975.0
490,10289,38.0,100.0,4567.98,Vintage Cars,80.0,S18_1342,Norway,Medium,170543.24
491,10304,37.0,95.55,3535.35,Vintage Cars,80.0,S18_1342,France,Medium,127847.95
492,10312,43.0,89.38,3843.34,Vintage Cars,80.0,S18_1342,USA,Medium,161823.62
493,10322,43.0,86.3,3710.9,Vintage Cars,80.0,S18_1342,USA,Medium,156128.7
494,10332,46.0,95.13,4375.98,Vintage Cars,80.0,S18_1342,UK,Medium,197615.08
495,10346,42.0,36.11,1516.62,Vintage Cars,80.0,S18_1342,USA,Small,60338.03999999999
496,10356,50.0,50.18,2509.0,Vintage Cars,80.0,S18_1342,France,Small,121450.0
497,10369,44.0,100.0,9240.44,Vintage Cars,80.0,S18_1342,USA,Large,403059.36000000004
498,10380,27.0,93.16,2515.32,Vintage Cars,80.0,S18_1342,Spain,Small,65753.64
499,10391,35.0,100.0,5548.9,Vintage Cars,80.0,S18_1342,Australia,Medium,191411.5
500,10422,51.0,95.55,4873.05,Vintage Cars,80.0,S18_1342,USA,Medium,244445.55000000002
501,10102,41.0,50.14,2055.74,Vintage Cars,80.0,S18_1367,USA,Small,81005.34
502,10111,48.0,49.06,2354.88,Vintage Cars,80.0,S18_1367,USA,Small,109194.24
503,10126,42.0,54.99,2309.58,Vintage Cars,80.0,S18_1367,Spain,Small,93642.36
504,10139,49.0,43.13,2113.37,Vintage Cars,80.0,S18_1367,Australia,Small,99635.12999999999
505,10149,30.0,58.22,1746.6,Vintage Cars,80.0,S18_1367,USA,Small,49998.0
506,10162,45.0,51.21,2304.45,Vintage Cars,80.0,S18_1367,USA,Small,100100.24999999999
507,10173,48.0,44.21,2122.08,Vintage Cars,80.0,S18_1367,Italy,Small,98019.84
508,10182,32.0,54.45,1742.4,Vintage Cars,80.0,S18_1367,USA,Small,53196.8
509,10193,46.0,53.37,2455.02,Vintage Cars,80.0,S18_1367,Australia,Small,109250.92
510,10205,48.0,63.61,3053.28,Vintage Cars,80.0,S18_1367,Spain,Medium,142717.44
511,10215,33.0,43.13,1423.29,Vintage Cars,80.0,S18_1367,USA,Small,44328.57
512,10227,31.0,48.52,1504.12,Vintage Cars,80.0,S18_1367,France,Small,44147.719999999994
513,10244,20.0,58.22,1164.4,Vintage Cars,80.0,S18_1367,Spain,Small,21688.0
514,10256,29.0,51.75,1500.75,Vintage Cars,80.0,S18_1367,Denmark,Small,41201.75
515,10280,27.0,57.68,1557.36,Vintage Cars,80.0,S18_1367,Italy,Small,39888.719999999994
516,10289,24.0,56.07,1345.68,Vintage Cars,80.0,S18_1367,Norway,Small,30376.32
517,10304,37.0,48.52,1795.24,Vintage Cars,80.0,S18_1367,France,Small,63463.88
518,10312,25.0,44.21,1105.25,Vintage Cars,80.0,S18_1367,USA,Small,25631.25
519,10322,41.0,57.68,2364.88,Vintage Cars,80.0,S18_1367,USA,Small,93680.08
520,10332,27.0,89.89,2427.03,Vintage Cars,80.0,S18_1367,UK,Small,63369.810000000005
521,10347,21.0,58.95,1237.95,Vintage Cars,80.0,S18_1367,Australia,Small,24316.95
522,10356,22.0,72.41,1593.02,Vintage Cars,80.0,S18_1367,France,Small,33286.44
523,10369,32.0,98.63,3156.16,Vintage Cars,80.0,S18_1367,USA,Medium,98437.12
524,10381,25.0,52.83,1320.75,Vintage Cars,80.0,S18_1367,USA,Small,31018.75
525,10391,42.0,100.0,4998.0,Vintage Cars,80.0,S18_1367,Australia,Medium,206556.0
526,10422,25.0,51.75,1293.75,Vintage Cars,80.0,S18_1367,USA,Small,30343.75
527,10110,37.0,100.0,5433.08,Classic Cars,80.0,S18_1589,UK,Medium,198063.96
528,10123,26.0,100.0,3073.72,Classic Cars,80.0,S18_1589,France,Medium,77836.72
529,10137,44.0,99.55,4380.2,Classic Cars,80.0,S18_1589,France,Medium,189208.8
530,10148,47.0,100.0,5848.68,Classic Cars,80.0,S18_1589,Australia,Medium,271127.96
531,10161,43.0,100.0,6153.73,Classic Cars,80.0,S18_1589,Denmark,Medium,261170.38999999998
532,10172,42.0,100.0,4965.24,Classic Cars,80.0,S18_1589,USA,Medium,205180.08
533,10181,42.0,100.0,5435.64,Classic Cars,80.0,S18_1589,Norway,Medium,224936.88
534,10192,29.0,100.0,4258.36,Classic Cars,80.0,S18_1589,USA,Medium,121172.43999999999
535,10204,40.0,100.0,4032.0,Classic Cars,80.0,S18_1589,USA,Medium,158080.0
536,10212,38.0,100.0,4492.36,Classic Cars,80.0,S18_1589,Spain,Medium,167669.68
537,10226,38.0,100.0,4161.38,Classic Cars,80.0,S18_1589,USA,Medium,155092.44
538,10241,21.0,100.0,2508.66,Classic Cars,80.0,S18_1589,France,Small,51001.86
539,10253,24.0,100.0,3374.88,Classic Cars,80.0,S18_1589,UK,Medium,79077.12
540,10266,36.0,100.0,5196.6,Classic Cars,80.0,S18_1589,Italy,Medium,184197.6
541,10278,23.0,100.0,2604.52,Classic Cars,80.0,S18_1589,USA,Small,58063.96
542,10288,20.0,100.0,2936.8,Classic Cars,80.0,S18_1589,Singapore,Small,57136.0
543,10301,32.0,100.0,3424.64,Classic Cars,80.0,S18_1589,Norway,Medium,107028.48
544,10311,29.0,100.0,2923.2,Classic Cars,80.0,S18_1589,Spain,Small,82452.79999999999
545,10321,44.0,100.0,4489.76,Classic Cars,80.0,S18_1589,USA,Medium,194029.44
546,10331,44.0,100.0,4849.24,Classic Cars,80.0,S18_1589,USA,Medium,209846.56
547,10343,36.0,100.0,5848.92,Classic Cars,80.0,S18_1589,France,Medium,207681.12
548,10367,49.0,56.3,2758.7,Classic Cars,80.0,S18_1589,USA,Small,131256.3
549,10378,34.0,42.64,1449.76,Classic Cars,80.0,S18_1589,Spain,Small,46571.84
550,10407,59.0,100.0,7048.14,Classic Cars,80.0,S18_1589,USA,Large,411120.26
551,10419,37.0,100.0,5202.94,Classic Cars,80.0,S18_1589,Austria,Medium,189548.78
552,10106,36.0,100.0,5279.4,Planes,80.0,S18_1662,Italy,Medium,187178.4
553,10119,43.0,100.0,6916.12,Planes,80.0,S18_1662,Austria,Medium,293953.16
554,10131,21.0,100.0,2781.66,Planes,80.0,S18_1662,USA,Small,56734.86
555,10143,32.0,100.0,5248.0,Planes,80.0,S18_1662,USA,Medium,165376.0
556,10155,38.0,100.0,6531.44,Planes,80.0,S18_1662,Finland,Medium,245154.71999999997
557,10167,43.0,100.0,5763.72,Planes,80.0,S18_1662,Sweden,Medium,244399.96000000002
558,10178,42.0,100.0,6490.68,Planes,80.0,S18_1662,France,Medium,269248.56
559,10186,32.0,100.0,6004.8,Planes,80.0,S18_1662,UK,Medium,189593.6
560,10198,42.0,100.0,7483.98,Planes,80.0,S18_1662,Philippines,Large,310967.16
561,10210,31.0,100.0,5719.5,Planes,80.0,S18_1662,Japan,Medium,174824.5
562,10222,49.0,100.0,6954.08,Planes,80.0,S18_1662,USA,Medium,336829.92
563,10250,45.0,100.0,8160.3,Planes,80.0,S18_1662,USA,Large,363613.5
564,10262,49.0,100.0,6567.96,Planes,80.0,S18_1662,Spain,Medium,317910.04
565,10274,41.0,100.0,6724.0,Planes,80.0,S18_1662,USA,Medium,272404.0
566,10284,45.0,100.0,5747.85,Planes,80.0,S18_1662,Norway,Medium,255053.25000000003
567,10296,36.0,100.0,5676.84,Planes,80.0,S18_1662,Germany,Medium,201486.24
568,10307,39.0,100.0,7379.97,Planes,80.0,S18_1662,USA,Large,284698.83
569,10316,27.0,100.0,3704.13,Planes,80.0,S18_1662,UK,Medium,97851.51000000001
570,10327,25.0,100.0,2804.75,Planes,80.0,S18_1662,Denmark,Small,68118.75
571,10338,41.0,100.0,5624.79,Planes,80.0,S18_1662,Belgium,Medium,227336.38999999998
572,10351,39.0,99.52,3881.28,Planes,80.0,S18_1662,UK,Medium,148249.92
573,10373,28.0,57.55,1611.4,Planes,80.0,S18_1662,Finland,Small,42879.200000000004
574,10386,25.0,54.57,1364.25,Planes,80.0,S18_1662,Spain,Small,32106.25
575,10398,33.0,100.0,4215.09,Planes,80.0,S18_1662,France,Medium,136457.97
576,10400,34.0,100.0,6433.82,Planes,80.0,S18_1662,USA,Medium,216029.88
577,10416,24.0,100.0,4352.16,Planes,80.0,S18_1662,Italy,Medium,102531.84
578,10100,30.0,100.0,5151.0,Vintage Cars,80.0,S18_1749,USA,Medium,152130.0
579,10110,42.0,100.0,6069.0,Vintage Cars,80.0,S18_1749,UK,Medium,251538.0
580,10124,21.0,100.0,2856.0,Vintage Cars,80.0,S18_1749,USA,Small,58296.0
581,10149,34.0,100.0,5375.4,Vintage Cars,80.0,S18_1749,USA,Medium,180043.59999999998
582,10162,29.0,100.0,5176.5,Vintage Cars,80.0,S18_1749,USA,Medium,147798.5
583,10173,24.0,100.0,3508.8,Vintage Cars,80.0,S18_1749,Italy,Medium,82291.20000000001
584,10182,44.0,100.0,7554.8,Vintage Cars,80.0,S18_1749,USA,Large,328891.2
585,10193,21.0,100.0,3141.6,Vintage Cars,80.0,S18_1749,Australia,Medium,64293.6
586,10204,33.0,100.0,5890.5,Vintage Cars,80.0,S18_1749,USA,Medium,191746.5
587,10214,30.0,100.0,5967.0,Vintage Cars,80.0,S18_1749,Spain,Medium,176610.0
588,10227,26.0,100.0,3712.8,Vintage Cars,80.0,S18_1749,France,Medium,94452.8
589,10241,41.0,100.0,7597.3,Vintage Cars,80.0,S18_1749,France,Large,308209.3
590,10280,26.0,100.0,3668.6,Vintage Cars,80.0,S18_1749,Italy,Medium,93303.59999999999
591,10288,32.0,100.0,5875.2,Vintage Cars,80.0,S18_1749,Singapore,Medium,185446.4
592,10302,43.0,100.0,7310.0,Vintage Cars,80.0,S18_1749,UK,Large,310890.0
593,10312,48.0,100.0,8078.4,Vintage Cars,80.0,S18_1749,USA,Large,383923.19999999995
594,10331,44.0,74.04,3257.76,Vintage Cars,80.0,S18_1749,USA,Medium,139821.44
595,10344,45.0,100.0,7650.0,Vintage Cars,80.0,S18_1749,France,Large,340650.0
596,10367,37.0,100.0,4703.81,Vintage Cars,80.0,S18_1749,USA,Medium,171080.97
597,10379,39.0,100.0,5399.55,Vintage Cars,80.0,S18_1749,Spain,Medium,207462.45
598,10407,76.0,100.0,14082.8,Vintage Cars,80.0,S18_1749,USA,Large,1064212.8
599,10420,37.0,100.0,5283.6,Vintage Cars,80.0,S18_1749,Australia,Medium,192533.2
600,10108,38.0,82.39,3130.82,Classic Cars,80.0,S18_1889,Philippines,Medium,115931.16
601,10122,43.0,72.38,3112.34,Classic Cars,80.0,S18_1889,France,Medium,130390.62000000001
602,10135,48.0,79.31,3806.88,Classic Cars,80.0,S18_1889,USA,Medium,178890.24
603,10147,26.0,82.39,2142.14,Classic Cars,80.0,S18_1889,USA,Small,53615.64
604,10160,38.0,88.55,3364.9,Classic Cars,80.0,S18_1889,USA,Medium,124826.2
605,10170,20.0,63.14,1262.8,Classic Cars,80.0,S18_1889,Austria,Small,23656.0
606,10181,22.0,73.92,1626.24,Classic Cars,80.0,S18_1889,Norway,Small,34017.28
607,10192,45.0,90.86,4088.7,Classic Cars,80.0,S18_1889,USA,Medium,180391.5
608,10203,45.0,85.47,3846.15,Classic Cars,80.0,S18_1889,Spain,Medium,169476.75
609,10212,20.0,66.99,1339.8,Classic Cars,80.0,S18_1889,Spain,Small,25196.0
610,10225,47.0,64.68,3039.96,Classic Cars,80.0,S18_1889,Switzerland,Medium,139118.12
611,10239,46.0,73.92,3400.32,Classic Cars,80.0,S18_1889,Finland,Medium,152734.72
612,10253,23.0,83.93,1930.39,Classic Cars,80.0,S18_1889,UK,Small,42558.97
613,10266,33.0,74.69,2464.77,Classic Cars,80.0,S18_1889,Italy,Small,78697.41
614,10278,29.0,90.86,2634.94,Classic Cars,80.0,S18_1889,USA,Small,74093.26
615,10287,44.0,82.39,3625.16,Classic Cars,80.0,S18_1889,Switzerland,Medium,155987.03999999998
616,10300,41.0,92.4,3788.4,Classic Cars,80.0,S18_1889,Germany,Medium,152044.4
617,10310,20.0,91.63,1832.6,Classic Cars,80.0,S18_1889,Germany,Small,35052.0
618,10321,37.0,78.54,2905.98,Classic Cars,80.0,S18_1889,USA,Small,104561.26
619,10329,29.0,100.0,2954.81,Classic Cars,80.0,S18_1889,USA,Small,83369.49
620,10342,55.0,65.45,3599.75,Classic Cars,80.0,S18_1889,Australia,Medium,193586.25
621,10363,22.0,100.0,3686.54,Classic Cars,80.0,S18_1889,Finland,Medium,79343.88
622,10377,31.0,67.76,2100.56,Classic Cars,80.0,S18_1889,Finland,Small,62637.36
623,10389,49.0,79.22,3881.78,Classic Cars,80.0,S18_1889,Sweden,Medium,186287.22
624,10405,61.0,73.92,4509.12,Classic Cars,80.0,S18_1889,France,Medium,270176.32
625,10419,39.0,83.93,3273.27,Classic Cars,80.0,S18_1889,Austria,Medium,124537.53
626,10109,38.0,100.0,4432.7,Classic Cars,80.0,S18_1984,USA,Medium,165402.6
627,10122,31.0,100.0,4100.99,Classic Cars,80.0,S18_1984,France,Medium,124650.68999999999
628,10136,36.0,100.0,5274.72,Classic Cars,80.0,S18_1984,France,Medium,187009.92
629,10148,25.0,100.0,4232.0,Classic Cars,80.0,S18_1984,Australia,Medium,103800.0
630,10161,48.0,100.0,6145.44,Classic Cars,80.0,S18_1984,Denmark,Medium,291141.12
631,10171,35.0,100.0,4680.2,Classic Cars,80.0,S18_1984,Canada,Medium,161007.0
632,10181,21.0,100.0,3286.08,Classic Cars,80.0,S18_1984,Norway,Medium,67327.68
633,10192,47.0,100.0,7421.3,Classic Cars,80.0,S18_1984,USA,Large,345041.10000000003
634,10204,38.0,100.0,6432.64,Classic Cars,80.0,S18_1984,USA,Medium,241400.32
635,10212,41.0,100.0,4840.87,Classic Cars,80.0,S18_1984,Spain,Medium,195195.66999999998
636,10226,24.0,100.0,3892.08,Classic Cars,80.0,S18_1984,USA,Medium,91489.92
637,10240,37.0,100.0,5526.32,Classic Cars,80.0,S18_1984,Japan,Medium,201513.84
638,10253,33.0,100.0,4459.62,Classic Cars,80.0,S18_1984,UK,Medium,144527.46
639,10266,49.0,100.0,6203.4,Classic Cars,80.0,S18_1984,Italy,Medium,300046.6
640,10278,29.0,100.0,3754.05,Classic Cars,80.0,S18_1984,USA,Medium,106547.45000000001
641,10287,24.0,100.0,3516.48,Classic Cars,80.0,S18_1984,Switzerland,Medium,82475.52
642,10301,47.0,100.0,7488.04,Classic Cars,80.0,S18_1984,Norway,Large,348177.88
643,10310,24.0,100.0,3448.08,Classic Cars,80.0,S18_1984,Germany,Medium,80833.92
644,10321,25.0,100.0,3734.0,Classic Cars,80.0,S18_1984,USA,Medium,91350.0
645,10331,30.0,32.47,974.1,Classic Cars,80.0,S18_1984,USA,Small,26823.0
646,10342,22.0,100.0,3160.74,Classic Cars,80.0,S18_1984,Australia,Medium,67776.28
647,10356,27.0,64.69,1746.63,Classic Cars,80.0,S18_1984,France,Small,44999.01
648,10366,34.0,100.0,4207.84,Classic Cars,80.0,S18_1984,Belgium,Medium,140346.56
649,10377,36.0,100.0,4352.76,Classic Cars,80.0,S18_1984,Finland,Medium,153819.36000000002
650,10390,34.0,43.05,1463.7,Classic Cars,80.0,S18_1984,USA,Small,47045.8
651,10406,48.0,100.0,7169.28,Classic Cars,80.0,S18_1984,Denmark,Large,340285.44
652,10419,34.0,100.0,4594.76,Classic Cars,80.0,S18_1984,Austria,Medium,153501.84
653,10104,24.0,100.0,3457.92,Classic Cars,80.0,S18_2238,Spain,Medium,81070.08
654,10115,46.0,100.0,7381.16,Classic Cars,80.0,S18_2238,USA,Large,335853.36
655,10127,45.0,100.0,7146.9,Classic Cars,80.0,S18_2238,USA,Large,318010.5
656,10141,39.0,100.0,5938.53,Classic Cars,80.0,S18_2238,Finland,Medium,228482.66999999998
657,10151,43.0,100.0,7110.91,Classic Cars,80.0,S18_2238,Finland,Large,302329.13
658,10165,29.0,100.0,5032.95,Classic Cars,80.0,S18_2238,Singapore,Medium,143635.55
659,10176,20.0,100.0,3667.6,Classic Cars,80.0,S18_2238,Italy,Medium,71752.0
660,10184,46.0,100.0,7381.16,Classic Cars,80.0,S18_2238,Spain,Large,335853.36
661,10195,27.0,100.0,5128.11,Classic Cars,80.0,S18_2238,USA,Medium,136298.97
662,10207,44.0,100.0,7060.24,Classic Cars,80.0,S18_2238,USA,Large,307130.56
663,10219,43.0,100.0,8448.64,Classic Cars,80.0,S18_2238,USA,Large,359851.51999999996
664,10230,49.0,100.0,7300.51,Classic Cars,80.0,S18_2238,Germany,Large,353804.99
665,10246,40.0,100.0,6549.2,Classic Cars,80.0,S18_2238,Spain,Medium,258768.0
666,10259,30.0,100.0,5697.9,Classic Cars,80.0,S18_2238,Singapore,Medium,168537.0
667,10271,50.0,100.0,9169.0,Classic Cars,80.0,S18_2238,USA,Large,454450.0
668,10282,23.0,100.0,3238.63,Classic Cars,80.0,S18_2238,USA,Medium,72648.49
669,10292,26.0,100.0,4554.94,Classic Cars,80.0,S18_2238,USA,Medium,116348.43999999999
670,10305,27.0,100.0,3934.44,Classic Cars,80.0,S18_2238,USA,Medium,104069.88
671,10314,42.0,100.0,5776.26,Classic Cars,80.0,S18_2238,Denmark,Medium,239242.92
672,10324,47.0,100.0,7207.45,Classic Cars,80.0,S18_2238,USA,Large,334990.14999999997
673,10336,49.0,100.0,7460.74,Classic Cars,80.0,S18_2238,France,Large,361656.26
674,10349,38.0,100.0,6719.54,Classic Cars,80.0,S18_2238,USA,Medium,252302.52
675,10358,20.0,100.0,2428.0,Classic Cars,80.0,S18_2238,Spain,Small,46960.0
676,10371,25.0,100.0,2602.25,Classic Cars,80.0,S18_2238,USA,Small,63056.25
677,10382,25.0,88.0,2200.0,Classic Cars,80.0,S18_2238,USA,Small,53000.0
678,10412,41.0,100.0,6712.93,Classic Cars,80.0,S18_2238,Spain,Medium,271950.13
679,10425,28.0,100.0,5318.04,Classic Cars,80.0,S18_2238,France,Medium,146665.12
680,10100,50.0,67.8,3390.0,Vintage Cars,80.0,S18_2248,USA,Medium,165500.0
681,10110,32.0,50.25,1608.0,Vintage Cars,80.0,S18_2248,UK,Small,48896.0
682,10124,42.0,53.88,2262.96,Vintage Cars,80.0,S18_2248,USA,Small,91684.32
683,10149,24.0,62.36,1496.64,Vintage Cars,80.0,S18_2248,USA,Small,33999.36
684,10162,27.0,69.62,1879.74,Vintage Cars,80.0,S18_2248,USA,Small,48592.98
685,10173,26.0,57.51,1495.26,Vintage Cars,80.0,S18_2248,Italy,Small,36796.76
686,10182,38.0,61.15,2323.7,Vintage Cars,80.0,S18_2248,USA,Small,85260.59999999999
687,10193,42.0,59.33,2491.86,Vintage Cars,80.0,S18_2248,Australia,Small,101298.12000000001
688,10204,23.0,71.44,1643.12,Vintage Cars,80.0,S18_2248,USA,Small,35951.759999999995
689,10214,21.0,62.96,1322.16,Vintage Cars,80.0,S18_2248,Spain,Small,26085.36
690,10227,28.0,50.85,1423.8,Vintage Cars,80.0,S18_2248,France,Small,37626.4
691,10241,33.0,72.65,2397.45,Vintage Cars,80.0,S18_2248,France,Small,76475.84999999999
692,10280,25.0,62.96,1574.0,Vintage Cars,80.0,S18_2248,Italy,Small,37350.0
693,10288,28.0,61.75,1729.0,Vintage Cars,80.0,S18_2248,Singapore,Small,46172.0
694,10303,46.0,49.04,2255.84,Vintage Cars,80.0,S18_2248,Spain,Small,100088.64000000001
695,10312,30.0,61.15,1834.5,Vintage Cars,80.0,S18_2248,USA,Small,52635.0
696,10332,38.0,84.25,3201.5,Vintage Cars,80.0,S18_2248,UK,Medium,118617.0
697,10344,40.0,56.91,2276.4,Vintage Cars,80.0,S18_2248,France,Small,87856.0
698,10367,45.0,100.0,8884.8,Vintage Cars,80.0,S18_2248,USA,Large,396215.99999999994
699,10379,27.0,49.3,1331.1,Vintage Cars,80.0,S18_2248,Spain,Small,33779.7
700,10407,42.0,72.65,3051.3,Vintage Cars,80.0,S18_2248,USA,Medium,124794.6
701,10420,36.0,63.57,2288.52,Vintage Cars,80.0,S18_2248,Australia,Small,79506.72
702,10104,29.0,100.0,3772.61,Trucks and Buses,80.0,S18_2319,Spain,Medium,107085.69
703,10114,39.0,100.0,4164.42,Trucks and Buses,80.0,S18_2319,France,Medium,159292.38
704,10127,45.0,100.0,6295.95,Trucks and Buses,80.0,S18_2319,USA,Medium,279717.75
705,10141,47.0,100.0,6287.66,Trucks and Buses,80.0,S18_2319,Finland,Medium,291760.02
706,10151,49.0,100.0,5412.54,Trucks and Buses,80.0,S18_2319,Finland,Medium,261294.46
707,10165,46.0,100.0,5984.14,Trucks and Buses,80.0,S18_2319,Singapore,Medium,271590.44
708,10175,48.0,100.0,5891.04,Trucks and Buses,80.0,S18_2319,UK,Medium,278929.92
709,10184,46.0,100.0,5984.14,Trucks and Buses,80.0,S18_2319,Spain,Medium,271590.44
710,10195,35.0,100.0,3608.15,Trucks and Buses,80.0,S18_2319,USA,Medium,123485.25
711,10207,43.0,100.0,5752.54,Trucks and Buses,80.0,S18_2319,USA,Medium,243919.22
712,10229,26.0,100.0,3765.32,Trucks and Buses,80.0,S18_2319,USA,Medium,95818.32
713,10246,22.0,98.18,2159.96,Trucks and Buses,80.0,S18_2319,Spain,Small,45759.12
714,10259,34.0,99.41,3379.94,Trucks and Buses,80.0,S18_2319,Singapore,Medium,112197.96
715,10271,50.0,100.0,5093.5,Trucks and Buses,80.0,S18_2319,USA,Medium,250675.0
716,10281,48.0,100.0,5773.44,Trucks and Buses,80.0,S18_2319,USA,Medium,273285.12
717,10292,41.0,100.0,4528.86,Trucks and Buses,80.0,S18_2319,USA,Medium,182403.25999999998
718,10305,36.0,100.0,4816.08,Trucks and Buses,80.0,S18_2319,USA,Medium,170498.88
719,10313,29.0,100.0,3416.78,Trucks and Buses,80.0,S18_2319,Canada,Medium,96766.62000000001
720,10324,33.0,37.48,1236.84,Trucks and Buses,80.0,S18_2319,USA,Small,38175.719999999994
721,10334,46.0,100.0,5814.86,Trucks and Buses,80.0,S18_2319,Sweden,Medium,263803.56
722,10349,38.0,100.0,5223.48,Trucks and Buses,80.0,S18_2319,USA,Medium,195452.24
723,10358,20.0,36.42,728.4,Trucks and Buses,80.0,S18_2319,Spain,Small,12968.0
724,10370,22.0,100.0,3949.0,Trucks and Buses,80.0,S18_2319,Australia,Medium,85118.0
725,10383,27.0,100.0,3843.99,Trucks and Buses,80.0,S18_2319,Spain,Medium,101627.73
726,10412,56.0,98.18,5498.08,Trucks and Buses,80.0,S18_2319,Spain,Medium,303412.48
727,10425,38.0,99.41,3777.58,Trucks and Buses,80.0,S18_2319,France,Medium,140508.04
728,10101,25.0,100.0,3782.0,Vintage Cars,80.0,S18_2325,Germany,Medium,92550.0
729,10110,33.0,100.0,3859.68,Vintage Cars,80.0,S18_2325,UK,Medium,124729.43999999999
730,10124,42.0,100.0,4431.84,Vintage Cars,80.0,S18_2325,USA,Medium,182777.28
731,10149,33.0,100.0,4950.33,Vintage Cars,80.0,S18_2325,USA,Medium,160720.88999999998
732,10162,38.0,100.0,4299.7,Vintage Cars,80.0,S18_2325,USA,Medium,160348.6
733,10173,31.0,100.0,4492.83,Vintage Cars,80.0,S18_2325,Italy,Medium,136797.73
734,10182,20.0,100.0,2212.0,Vintage Cars,80.0,S18_2325,USA,Small,42640.0
735,10193,44.0,100.0,4642.88,Vintage Cars,80.0,S18_2325,Australia,Medium,200766.72
736,10204,26.0,100.0,3206.32,Vintage Cars,80.0,S18_2325,USA,Medium,81284.32
737,10214,27.0,100.0,3604.23,Vintage Cars,80.0,S18_2325,Spain,Medium,95154.21
738,10227,46.0,100.0,7017.76,Vintage Cars,80.0,S18_2325,France,Large,319136.96
739,10243,47.0,100.0,6154.18,Vintage Cars,80.0,S18_2325,USA,Medium,285486.46
740,10280,37.0,100.0,4750.8,Vintage Cars,80.0,S18_2325,Italy,Medium,172819.6
741,10288,31.0,100.0,3822.92,Vintage Cars,80.0,S18_2325,Singapore,Medium,116030.52
742,10304,24.0,100.0,2440.8,Vintage Cars,80.0,S18_2325,France,Small,56659.200000000004
743,10312,31.0,100.0,4729.36,Vintage Cars,80.0,S18_2325,USA,Medium,144130.16
744,10322,50.0,100.0,12536.5,Vintage Cars,80.0,S18_2325,USA,Large,622825.0
745,10332,35.0,64.69,2264.15,Vintage Cars,80.0,S18_2325,UK,Small,76445.25
746,10344,30.0,100.0,3928.2,Vintage Cars,80.0,S18_2325,France,Medium,115446.0
747,10356,29.0,100.0,3630.22,Vintage Cars,80.0,S18_2325,France,Medium,102956.37999999999
748,10367,27.0,100.0,4196.07,Vintage Cars,80.0,S18_2325,USA,Medium,111133.88999999998
749,10380,40.0,100.0,4931.6,Vintage Cars,80.0,S18_2325,Spain,Medium,194064.0
750,10390,31.0,98.99,3068.69,Vintage Cars,80.0,S18_2325,USA,Medium,92649.39
751,10409,6.0,100.0,785.64,Vintage Cars,80.0,S18_2325,Singapore,Small,4233.84
752,10420,45.0,100.0,4977.0,Vintage Cars,80.0,S18_2325,Australia,Medium,220365.0
753,10103,22.0,54.09,1189.98,Trucks and Buses,80.0,S18_2432,Norway,Small,24419.56
754,10114,45.0,68.67,3090.15,Trucks and Buses,80.0,S18_2432,France,Medium,135456.75
755,10126,43.0,65.02,2795.86,Trucks and Buses,80.0,S18_2432,Spain,Small,116781.98000000001
756,10140,46.0,61.99,2851.54,Trucks and Buses,80.0,S18_2432,USA,Small,127490.84
757,10151,39.0,69.28,2701.92,Trucks and Buses,80.0,S18_2432,Finland,Small,102254.88
758,10165,31.0,71.1,2204.1,Trucks and Buses,80.0,S18_2432,Singapore,Small,65847.09999999999
759,10175,41.0,69.28,2840.48,Trucks and Buses,80.0,S18_2432,UK,Small,113179.68000000001
760,10184,44.0,60.16,2647.04,Trucks and Buses,80.0,S18_2432,Spain,Small,112949.76
761,10194,45.0,70.49,3172.05,Trucks and Buses,80.0,S18_2432,France,Medium,139142.25
762,10207,37.0,69.89,2585.93,Trucks and Buses,80.0,S18_2432,USA,Small,92719.40999999999
763,10217,35.0,61.38,2148.3,Trucks and Buses,80.0,S18_2432,Singapore,Small,72390.5
764,10229,28.0,59.55,1667.4,Trucks and Buses,80.0,S18_2432,USA,Small,44447.200000000004
765,10246,30.0,61.99,1859.7,Trucks and Buses,80.0,S18_2432,Spain,Small,53391.0
766,10259,30.0,49.22,1476.6,Trucks and Buses,80.0,S18_2432,Singapore,Small,41898.0
767,10271,25.0,69.28,1732.0,Trucks and Buses,80.0,S18_2432,USA,Small,41300.0
768,10281,29.0,57.73,1674.17,Trucks and Buses,80.0,S18_2432,USA,Small,46230.93
769,10291,26.0,57.73,1500.98,Trucks and Buses,80.0,S18_2432,Sweden,Small,36945.48
770,10305,41.0,53.48,2192.68,Trucks and Buses,80.0,S18_2432,USA,Small,86619.87999999999
771,10313,34.0,52.87,1797.58,Trucks and Buses,80.0,S18_2432,Canada,Small,58397.72
772,10322,35.0,61.21,2142.35,Trucks and Buses,80.0,S18_2432,USA,Small,72182.25
773,10334,34.0,61.38,2086.92,Trucks and Buses,80.0,S18_2432,Sweden,Small,68235.28
774,10347,50.0,100.0,6834.5,Trucks and Buses,80.0,S18_2432,Australia,Medium,337725.0
775,10357,41.0,61.99,2541.59,Trucks and Buses,80.0,S18_2432,USA,Small,100925.19
776,10370,22.0,96.86,2130.92,Trucks and Buses,80.0,S18_2432,Australia,Small,45120.240000000005
777,10381,35.0,48.62,1701.7,Trucks and Buses,80.0,S18_2432,USA,Small,56759.5
778,10391,44.0,38.5,1694.0,Trucks and Buses,80.0,S18_2432,Australia,Small,71016.0
779,10412,47.0,61.99,2913.53,Trucks and Buses,80.0,S18_2432,Spain,Small,133175.91
780,10425,19.0,49.22,935.18,Trucks and Buses,80.0,S18_2432,France,Small,16248.419999999998
781,10106,34.0,90.39,3073.26,Planes,80.0,S18_2581,Italy,Medium,101770.84000000001
782,10120,29.0,71.81,2082.49,Planes,80.0,S18_2581,Australia,Small,58072.20999999999
783,10133,49.0,69.27,3394.23,Planes,80.0,S18_2581,Spain,Medium,162397.27
784,10145,30.0,85.32,2559.6,Planes,80.0,S18_2581,USA,Small,74388.0
785,10168,21.0,70.96,1490.16,Planes,80.0,S18_2581,USA,Small,29613.36
786,10210,50.0,76.88,3844.0,Planes,80.0,S18_2581,Japan,Medium,188200.0
787,10223,47.0,100.0,4724.91,Planes,80.0,S18_2581,Australia,Medium,218310.77
788,10235,24.0,76.03,1824.72,Planes,80.0,S18_2581,Canada,Small,41873.28
789,10250,27.0,98.84,2668.68,Planes,80.0,S18_2581,USA,Small,69894.36
790,10263,33.0,86.17,2843.61,Planes,80.0,S18_2581,USA,Small,91199.13
791,10275,35.0,90.39,3163.65,Planes,80.0,S18_2581,France,Medium,107927.75
792,10284,31.0,71.81,2226.11,Planes,80.0,S18_2581,Norway,Small,66529.41
793,10297,25.0,82.79,2069.75,Planes,80.0,S18_2581,Ireland,Small,49743.75
794,10308,27.0,82.79,2235.33,Planes,80.0,S18_2581,USA,Small,58193.909999999996
795,10318,31.0,100.0,3116.43,Planes,80.0,S18_2581,USA,Medium,94129.33
796,10327,45.0,100.0,4781.7,Planes,80.0,S18_2581,Denmark,Medium,211576.5
797,10339,27.0,100.0,2810.7,Planes,80.0,S18_2581,Japan,Small,73728.9
798,10353,27.0,100.0,3515.67,Planes,80.0,S18_2581,USA,Medium,92763.09
799,10374,42.0,69.27,2909.34,Planes,80.0,S18_2581,Australia,Small,118832.28
800,10386,21.0,74.77,1570.17,Planes,80.0,S18_2581,Spain,Small,31293.57
801,10398,34.0,76.88,2613.92,Planes,80.0,S18_2581,France,Small,86153.28
802,10401,42.0,76.03,3193.26,Planes,80.0,S18_2581,USA,Medium,130756.92000000001
803,10416,15.0,98.84,1482.6,Planes,80.0,S18_2581,Italy,Small,21039.0
804,10107,29.0,70.87,2055.23,Motorcycles,80.0,S18_2625,USA,Small,57281.67
805,10120,46.0,58.15,2674.9,Motorcycles,80.0,S18_2625,Australia,Small,119365.40000000001
806,10134,30.0,61.78,1853.4,Motorcycles,80.0,S18_2625,France,Small,53202.0
807,10145,30.0,49.67,1490.1,Motorcycles,80.0,S18_2625,USA,Small,42303.0
808,10159,42.0,51.48,2162.16,Motorcycles,80.0,S18_2625,USA,Small,87450.72
809,10168,46.0,61.18,2814.28,Motorcycles,80.0,S18_2625,USA,Small,125776.88
810,10180,25.0,64.2,1605.0,Motorcycles,80.0,S18_2625,France,Small,38125.0
811,10188,32.0,65.42,2093.44,Motorcycles,80.0,S18_2625,Norway,Small,64430.08
812,10201,30.0,64.81,1944.3,Motorcycles,80.0,S18_2625,USA,Small,55929.0
813,10210,40.0,49.67,1986.8,Motorcycles,80.0,S18_2625,Japan,Small,76272.0
814,10223,28.0,60.57,1695.96,Motorcycles,80.0,S18_2625,Australia,Small,45246.880000000005
815,10236,23.0,55.72,1281.56,Motorcycles,80.0,S18_2625,USA,Small,27635.879999999997
816,10251,29.0,61.18,1774.22,Motorcycles,80.0,S18_2625,USA,Small,49132.38
817,10263,34.0,58.75,1997.5,Motorcycles,80.0,S18_2625,USA,Small,65195.0
818,10275,37.0,63.6,2353.2,Motorcycles,80.0,S18_2625,France,Small,84108.4
819,10285,20.0,49.06,981.2,Motorcycles,80.0,S18_2625,USA,Small,18024.0
820,10298,32.0,48.46,1550.72,Motorcycles,80.0,S18_2625,France,Small,47063.04
821,10308,34.0,52.09,1771.06,Motorcycles,80.0,S18_2625,USA,Small,57496.04
822,10318,42.0,52.7,2213.4,Motorcycles,80.0,S18_2625,USA,Small,89602.8
823,10329,38.0,100.0,5266.04,Motorcycles,80.0,S18_2625,USA,Medium,197069.52
824,10339,30.0,62.16,1864.8,Motorcycles,80.0,S18_2625,Japan,Small,53544.0
825,10362,23.0,49.67,1142.41,Motorcycles,80.0,S18_2625,USA,Small,24435.43
826,10374,22.0,53.3,1172.6,Motorcycles,80.0,S18_2625,Australia,Small,24037.199999999997
827,10389,39.0,100.0,6981.0,Motorcycles,80.0,S18_2625,Sweden,Medium,269139.0
828,10402,55.0,55.72,3064.6,Motorcycles,80.0,S18_2625,France,Medium,164153.0
829,10417,36.0,61.18,2202.48,Motorcycles,80.0,S18_2625,Spain,Small,76409.28
830,10101,26.0,100.0,3773.38,Vintage Cars,80.0,S18_2795,Germany,Medium,96027.88
831,10110,31.0,100.0,5074.39,Vintage Cars,80.0,S18_2795,UK,Medium,154826.09
832,10125,34.0,100.0,6483.46,Vintage Cars,80.0,S18_2795,Australia,Medium,217717.64
833,10139,41.0,100.0,7956.46,Vintage Cars,80.0,S18_2795,Australia,Large,322934.86
834,10149,23.0,100.0,4230.62,Vintage Cars,80.0,S18_2795,USA,Medium,95464.26
835,10162,48.0,100.0,7209.12,Vintage Cars,80.0,S18_2795,USA,Large,342197.76
836,10173,22.0,100.0,3452.68,Vintage Cars,80.0,S18_2795,Italy,Medium,74198.95999999999
837,10182,21.0,100.0,3047.73,Vintage Cars,80.0,S18_2795,USA,Medium,62322.33
838,10193,22.0,100.0,3675.32,Vintage Cars,80.0,S18_2795,Australia,Medium,79097.04000000001
839,10205,40.0,100.0,7492.4,Vintage Cars,80.0,S18_2795,Spain,Large,296496.0
840,10214,50.0,100.0,9534.5,Vintage Cars,80.0,S18_2795,Spain,Large,472725.0
841,10227,29.0,100.0,5579.02,Vintage Cars,80.0,S18_2795,France,Medium,159471.58000000002
842,10244,43.0,100.0,5950.34,Vintage Cars,80.0,S18_2795,Spain,Medium,252424.62
843,10255,24.0,100.0,3726.0,Vintage Cars,80.0,S18_2795,France,Medium,87504.0
844,10280,22.0,100.0,4455.0,Vintage Cars,80.0,S18_2795,Italy,Medium,96250.0
845,10289,43.0,100.0,8272.34,Vintage Cars,80.0,S18_2795,Norway,Large,352270.62
846,10304,20.0,100.0,3577.6,Vintage Cars,80.0,S18_2795,France,Medium,69952.0
847,10312,25.0,100.0,3881.25,Vintage Cars,80.0,S18_2795,USA,Medium,95031.25
848,10322,36.0,100.0,5797.44,Vintage Cars,80.0,S18_2795,USA,Medium,205827.84
849,10332,24.0,52.67,1264.08,Vintage Cars,80.0,S18_2795,UK,Small,28417.92
850,10347,21.0,100.0,4815.3,Vintage Cars,80.0,S18_2795,Australia,Medium,99441.3
851,10356,30.0,100.0,4462.2,Vintage Cars,80.0,S18_2795,France,Medium,131466.0
852,10367,32.0,94.79,3033.28,Vintage Cars,80.0,S18_2795,USA,Medium,94504.96
853,10380,21.0,47.18,990.78,Vintage Cars,80.0,S18_2795,Spain,Small,19126.38
854,10390,26.0,78.11,2030.86,Vintage Cars,80.0,S18_2795,USA,Small,50722.36
855,10421,35.0,100.0,5433.75,Vintage Cars,80.0,S18_2795,USA,Medium,187381.25
856,10109,26.0,100.0,3157.44,Classic Cars,80.0,S18_2870,USA,Medium,80013.44
857,10123,46.0,100.0,5161.2,Classic Cars,80.0,S18_2870,France,Medium,233735.19999999998
858,10137,37.0,100.0,4346.76,Classic Cars,80.0,S18_2870,France,Medium,157870.12
859,10148,27.0,100.0,3528.36,Classic Cars,80.0,S18_2870,Australia,Medium,93105.72
860,10161,23.0,100.0,3187.8,Classic Cars,80.0,S18_2870,Denmark,Medium,71479.40000000001
861,10172,39.0,100.0,6023.16,Classic Cars,80.0,S18_2870,USA,Medium,231783.24
862,10181,27.0,100.0,3884.76,Classic Cars,80.0,S18_2870,Norway,Medium,102728.52
863,10192,38.0,100.0,4965.84,Classic Cars,80.0,S18_2870,USA,Medium,185661.92
864,10204,27.0,100.0,4169.88,Classic Cars,80.0,S18_2870,USA,Medium,110426.76000000001
865,10212,40.0,100.0,4910.4,Classic Cars,80.0,S18_2870,Spain,Medium,193216.0
866,10226,24.0,100.0,3231.36,Classic Cars,80.0,S18_2870,USA,Medium,75632.64
867,10241,44.0,100.0,6853.44,Classic Cars,80.0,S18_2870,France,Medium,298031.36
868,10253,37.0,100.0,5177.04,Classic Cars,80.0,S18_2870,UK,Medium,188590.48
869,10266,20.0,100.0,2824.8,Classic Cars,80.0,S18_2870,Italy,Small,54896.0
870,10278,39.0,100.0,4324.32,Classic Cars,80.0,S18_2870,USA,Medium,165528.47999999998
871,10287,44.0,100.0,5052.96,Classic Cars,80.0,S18_2870,Switzerland,Medium,218810.24
872,10301,22.0,100.0,3223.44,Classic Cars,80.0,S18_2870,Norway,Medium,69155.68000000001
873,10311,43.0,100.0,5278.68,Classic Cars,80.0,S18_2870,Spain,Medium,223543.24000000002
874,10321,27.0,100.0,2851.2,Classic Cars,80.0,S18_2870,USA,Small,74822.4
875,10331,26.0,64.9,1687.4,Classic Cars,80.0,S18_2870,USA,Small,41792.4
876,10343,25.0,52.32,1308.0,Classic Cars,80.0,S18_2870,France,Small,30700.0
877,10366,49.0,100.0,6144.6,Classic Cars,80.0,S18_2870,Belgium,Medium,297165.4
878,10379,29.0,100.0,5127.2,Classic Cars,80.0,S18_2870,Spain,Medium,146368.8
879,10407,41.0,100.0,6386.16,Classic Cars,80.0,S18_2870,USA,Medium,258552.56
880,10419,55.0,100.0,7695.6,Classic Cars,80.0,S18_2870,Austria,Large,418858.0
881,10103,27.0,83.07,2242.89,Vintage Cars,80.0,S18_2949,Norway,Small,58398.03
882,10112,23.0,100.0,2539.89,Vintage Cars,80.0,S18_2949,Sweden,Small,56577.469999999994
883,10126,31.0,90.17,2795.27,Vintage Cars,80.0,S18_2949,Spain,Small,84173.37
884,10139,46.0,100.0,5545.76,Vintage Cars,80.0,S18_2949,Australia,Medium,251424.96000000002
885,10150,47.0,91.18,4285.46,Vintage Cars,80.0,S18_2949,Singapore,Medium,197656.62
886,10163,31.0,100.0,3329.09,Vintage Cars,80.0,S18_2949,USA,Medium,100721.79000000001
887,10174,46.0,100.0,5592.22,Vintage Cars,80.0,S18_2949,Australia,Medium,253562.12000000002
888,10183,37.0,89.15,3298.55,Vintage Cars,80.0,S18_2949,USA,Medium,119086.35
889,10193,28.0,93.21,2609.88,Vintage Cars,80.0,S18_2949,Australia,Small,70836.64
890,10206,37.0,90.17,3336.29,Vintage Cars,80.0,S18_2949,Canada,Medium,120482.73
891,10215,49.0,100.0,5510.05,Vintage Cars,80.0,S18_2949,USA,Medium,266072.45
892,10228,24.0,100.0,2504.4,Vintage Cars,80.0,S18_2949,USA,Small,58185.600000000006
893,10244,30.0,100.0,3525.6,Vintage Cars,80.0,S18_2949,Spain,Medium,103368.0
894,10257,50.0,88.14,4407.0,Vintage Cars,80.0,S18_2949,USA,Medium,216350.0
895,10270,31.0,96.24,2983.44,Vintage Cars,80.0,S18_2949,Australia,Small,90006.64
896,10280,46.0,100.0,5126.24,Vintage Cars,80.0,S18_2949,Italy,Medium,232127.03999999998
897,10291,47.0,100.0,5713.79,Vintage Cars,80.0,S18_2949,Sweden,Medium,264788.13
898,10304,46.0,100.0,4613.8,Vintage Cars,80.0,S18_2949,France,Medium,208554.80000000002
899,10312,37.0,100.0,3711.1,Vintage Cars,80.0,S18_2949,USA,Medium,134350.69999999998
900,10322,33.0,100.0,3524.73,Vintage Cars,80.0,S18_2949,USA,Medium,113676.09
901,10333,31.0,90.17,2795.27,Vintage Cars,80.0,S18_2949,USA,Small,84173.37
902,10347,48.0,100.0,4814.4,Vintage Cars,80.0,S18_2949,Australia,Medium,227251.19999999998
903,10357,41.0,87.13,3572.33,Vintage Cars,80.0,S18_2949,USA,Medium,143185.53
904,10369,42.0,100.0,4581.36,Vintage Cars,80.0,S18_2949,USA,Medium,189057.12
905,10381,41.0,100.0,4319.76,Vintage Cars,80.0,S18_2949,USA,Medium,173830.16
906,10391,32.0,45.25,1448.0,Vintage Cars,80.0,S18_2949,Australia,Small,43776.0
907,10423,10.0,88.14,881.4,Vintage Cars,80.0,S18_2949,Belgium,Small,8014.0
908,10103,35.0,57.46,2011.1,Vintage Cars,80.0,S18_2957,Norway,Small,67588.5
909,10111,28.0,64.33,1801.24,Vintage Cars,80.0,S18_2957,USA,Small,48194.72
910,10126,46.0,73.7,3390.2,Vintage Cars,80.0,S18_2957,Spain,Medium,152269.19999999998
911,10139,20.0,71.2,1424.0,Vintage Cars,80.0,S18_2957,Australia,Small,26880.0
912,10150,30.0,49.97,1499.1,Vintage Cars,80.0,S18_2957,Singapore,Small,42573.0
913,10163,48.0,69.96,3358.08,Vintage Cars,80.0,S18_2957,USA,Medium,157347.84
914,10173,28.0,53.72,1504.16,Vintage Cars,80.0,S18_2957,Italy,Small,39876.48
915,10183,39.0,68.08,2655.12,Vintage Cars,80.0,S18_2957,USA,Small,100429.68
916,10193,24.0,51.84,1244.16,Vintage Cars,80.0,S18_2957,Australia,Small,27939.840000000004
917,10206,28.0,67.46,1888.88,Vintage Cars,80.0,S18_2957,Canada,Small,50648.64
918,10215,31.0,58.71,1820.01,Vintage Cars,80.0,S18_2957,USA,Small,53940.31
919,10228,45.0,63.71,2866.95,Vintage Cars,80.0,S18_2957,USA,Small,125412.74999999999
920,10244,24.0,58.09,1394.16,Vintage Cars,80.0,S18_2957,Spain,Small,31539.840000000004
921,10257,49.0,53.72,2632.28,Vintage Cars,80.0,S18_2957,USA,Small,125061.72000000002
922,10269,32.0,63.08,2018.56,Vintage Cars,80.0,S18_2957,Austria,Small,62033.92
923,10280,43.0,68.71,2954.53,Vintage Cars,80.0,S18_2957,Italy,Small,123604.79000000001
924,10291,37.0,50.59,1871.83,Vintage Cars,80.0,S18_2957,Sweden,Small,66297.70999999999
925,10304,24.0,64.96,1559.04,Vintage Cars,80.0,S18_2957,France,Small,35496.96
926,10312,35.0,53.72,1880.2,Vintage Cars,80.0,S18_2957,USA,Small,63007.0
927,10322,41.0,29.87,1224.67,Vintage Cars,80.0,S18_2957,USA,Small,46931.47
928,10332,26.0,100.0,2979.08,Vintage Cars,80.0,S18_2957,UK,Small,75376.08
929,10347,34.0,64.96,2208.64,Vintage Cars,80.0,S18_2957,Australia,Small,72373.76
930,10357,49.0,70.58,3458.42,Vintage Cars,80.0,S18_2957,USA,Medium,165542.58000000002
931,10369,28.0,44.21,1237.88,Vintage Cars,80.0,S18_2957,USA,Small,32420.640000000003
932,10381,40.0,68.08,2723.2,Vintage Cars,80.0,S18_2957,USA,Small,105728.0
933,10392,37.0,59.96,2218.52,Vintage Cars,80.0,S18_2957,Austria,Small,79125.24
934,10423,31.0,53.72,1665.32,Vintage Cars,80.0,S18_2957,Belgium,Small,49144.92
935,10106,41.0,83.44,3421.04,Ships,80.0,S18_3029,Italy,Medium,136982.63999999998
936,10119,21.0,89.46,1878.66,Ships,80.0,S18_3029,Austria,Small,37771.86
937,10130,40.0,96.34,3853.6,Ships,80.0,S18_3029,USA,Medium,150944.0
938,10143,46.0,74.84,3442.64,Ships,80.0,S18_3029,USA,Medium,154681.44
939,10155,44.0,79.14,3482.16,Ships,80.0,S18_3029,Finland,Medium,149695.03999999998
940,10167,46.0,73.12,3363.52,Ships,80.0,S18_3029,Sweden,Medium,151041.92
941,10178,41.0,81.72,3350.52,Ships,80.0,S18_3029,France,Medium,134091.32
942,10186,32.0,89.46,2862.72,Ships,80.0,S18_3029,UK,Small,89047.04
943,10197,46.0,87.74,4036.04,Ships,80.0,S18_3029,Spain,Medium,181977.84
944,10209,28.0,100.0,2817.92,Ships,80.0,S18_3029,USA,Small,76661.76000000001
945,10222,49.0,94.62,4636.38,Ships,80.0,S18_3029,USA,Medium,223262.62
946,10248,21.0,73.98,1553.58,Ships,80.0,S18_3029,USA,Small,30945.18
947,10262,32.0,84.3,2697.6,Ships,80.0,S18_3029,Spain,Small,83763.2
948,10273,34.0,98.06,3334.04,Ships,80.0,S18_3029,Belgium,Medium,110637.36
949,10283,21.0,98.06,2059.26,Ships,80.0,S18_3029,Canada,Small,41564.46000000001
950,10296,21.0,96.34,2023.14,Ships,80.0,S18_3029,Germany,Small,40805.94
951,10307,31.0,83.44,2586.64,Ships,80.0,S18_3029,USA,Small,77705.84
952,10316,21.0,94.62,1987.02,Ships,80.0,S18_3029,UK,Small,40047.42
953,10327,25.0,45.86,1146.5,Ships,80.0,S18_3029,Denmark,Small,26662.5
954,10338,28.0,82.58,2312.24,Ships,80.0,S18_3029,Belgium,Small,62502.719999999994
955,10350,43.0,64.97,2793.71,Ships,80.0,S18_3029,Spain,Small,116689.53
956,10373,22.0,86.74,1908.28,Ships,80.0,S18_3029,Finland,Small,40222.159999999996
957,10386,37.0,93.01,3441.37,Ships,80.0,S18_3029,Spain,Medium,124370.69
958,10398,28.0,72.26,2023.28,Ships,80.0,S18_3029,France,Small,54411.84
959,10400,30.0,74.84,2245.2,Ships,80.0,S18_3029,USA,Small,64955.99999999999
960,10414,44.0,73.98,3255.12,Ships,80.0,S18_3029,USA,Medium,139705.28
961,10103,25.0,100.0,2539.5,Vintage Cars,80.0,S18_3136,Norway,Small,61487.5
962,10111,43.0,100.0,4818.15,Vintage Cars,80.0,S18_3136,USA,Medium,203740.44999999998
963,10126,30.0,97.39,2921.7,Vintage Cars,80.0,S18_3136,Spain,Small,85251.0
964,10139,20.0,90.06,1801.2,Vintage Cars,80.0,S18_3136,Australia,Small,34424.0
965,10150,26.0,100.0,2804.36,Vintage Cars,80.0,S18_3136,Singapore,Small,70833.36
966,10163,40.0,100.0,4900.8,Vintage Cars,80.0,S18_3136,USA,Medium,192832.0
967,10173,31.0,89.01,2759.31,Vintage Cars,80.0,S18_3136,Italy,Small,83058.61
968,10183,22.0,100.0,2488.2,Vintage Cars,80.0,S18_3136,USA,Small,52980.399999999994
969,10193,23.0,100.0,2769.89,Vintage Cars,80.0,S18_3136,Australia,Small,61867.469999999994
970,10206,30.0,100.0,3581.4,Vintage Cars,80.0,S18_3136,Canada,Medium,105042.0
971,10215,49.0,100.0,5285.14,Vintage Cars,80.0,S18_3136,USA,Medium,255051.86000000002
972,10228,31.0,100.0,3181.53,Vintage Cars,80.0,S18_3136,USA,Medium,96147.43000000001
973,10244,29.0,100.0,3340.51,Vintage Cars,80.0,S18_3136,Spain,Medium,94554.79000000001
974,10257,37.0,84.82,3138.34,Vintage Cars,80.0,S18_3136,USA,Medium,113158.58
975,10270,38.0,100.0,4775.08,Vintage Cars,80.0,S18_3136,Australia,Medium,178413.04
976,10280,29.0,100.0,3006.43,Vintage Cars,80.0,S18_3136,Italy,Medium,84866.47
977,10291,23.0,100.0,2866.26,Vintage Cars,80.0,S18_3136,Sweden,Small,64083.98
978,10304,26.0,85.87,2232.62,Vintage Cars,80.0,S18_3136,France,Small,55968.119999999995
979,10312,38.0,100.0,4457.02,Vintage Cars,80.0,S18_3136,USA,Medium,166326.76
980,10322,48.0,47.04,2257.92,Vintage Cars,80.0,S18_3136,USA,Small,104540.16
981,10332,40.0,39.8,1592.0,Vintage Cars,80.0,S18_3136,UK,Small,60480.0
982,10347,45.0,100.0,4948.2,Vintage Cars,80.0,S18_3136,Australia,Medium,219069.0
983,10357,44.0,100.0,5160.76,Vintage Cars,80.0,S18_3136,USA,Medium,223553.44
984,10369,21.0,94.22,1978.62,Vintage Cars,80.0,S18_3136,USA,Small,39871.02
985,10381,35.0,100.0,4288.2,Vintage Cars,80.0,S18_3136,USA,Medium,147287.0
986,10392,29.0,86.92,2520.68,Vintage Cars,80.0,S18_3136,Austria,Small,70779.72
987,10423,21.0,84.82,1781.22,Vintage Cars,80.0,S18_3136,Belgium,Small,35725.62
988,10105,22.0,100.0,3065.04,Vintage Cars,80.0,S18_3140,Denmark,Medium,65670.88
989,10117,26.0,100.0,3551.34,Vintage Cars,80.0,S18_3140,Singapore,Medium,90254.84
990,10128,41.0,100.0,5544.02,Vintage Cars,80.0,S18_3140,Spain,Medium,224024.82
991,10142,47.0,100.0,6034.33,Vintage Cars,80.0,S18_3140,USA,Medium,279853.51
992,10153,31.0,100.0,3641.57,Vintage Cars,80.0,S18_3140,Spain,Medium,110408.67
993,10166,43.0,100.0,6930.74,Vintage Cars,80.0,S18_3140,USA,Medium,294581.82
994,10177,23.0,100.0,3675.63,Vintage Cars,80.0,S18_3140,Spain,Medium,82699.49
995,10185,28.0,100.0,3442.04,Vintage Cars,80.0,S18_3140,USA,Medium,94137.12
996,10196,49.0,100.0,6893.81,Vintage Cars,80.0,S18_3140,USA,Medium,333876.69
997,10208,24.0,100.0,2622.48,Vintage Cars,80.0,S18_3140,France,Small,61019.520000000004
998,10221,33.0,100.0,4417.38,Vintage Cars,80.0,S18_3140,Belgium,Medium,143133.54
